isin,rating,currency,volume,price,spread_ks,yield_total,maturity,issue_date,ticker,option_type,issuer,sector,liquidity,coupon_freq,next_coupon,base_rate,updated,bond_type
RU000A109T41,A+,RUB,82.0,99.41,0.18,17.3,2027-10-14,2024-10-17,R-Vision 1,Отсутствует,Р-Вижн,IT,Хорошая,4,2026-07-16,КС,2026-06-28,floater
RU000A109HX2,BBB+,RUB,4000.0,87.1,1.76,16.95,2027-08-28,2024-09-12,iВУШ 1P3,Отсутствует,ВУШ,"Потребительские товары, IT",Отличная,12,2026-07-04,КС,2026-06-28,floater
RU000A109TG2,BBB+,RUB,3315.0,96.15,0.65,17.4,2026-10-08,2024-10-18,iКарРус1P4,Отсутствует,Делимобиль,"Розница, IT",Отличная,12,2026-07-10,КС,2026-06-28,floater
RU000A10C329,A,RUB,5000.0,100.46,-0.04,17.2,2027-07-05,2025-07-15,iПМЕДДМ2Р2,Отсутствует,Промомед,Промышленность,Отличная,12,2026-07-10,КС,2026-06-28,floater
RU000A10EF11,A,RUB,6800.0,99.5,0.39,16.67,2028-02-22,2026-03-04,iПМЕДДМ2Р3,Отсутствует,Промомед,Промышленность,Отличная,12,2026-07-02,КС,2026-06-28,floater
RU000A109098,AA/AA-,RUB,5000.0,100.01,0.12,16.11,2027-07-04,2024-07-19,iПозитивР1,Отсутствует,Positive Technologies,IT,Отличная,12,2026-07-09,КС,2026-06-28,floater
RU000A10AHJ4,AA/AA-,RUB,4800.0,101.07,-0.07,18.32,2026-12-17,2024-12-27,iПозитивР2,Отсутствует,Positive Technologies,IT,Отличная,12,2026-07-20,КС,2026-06-28,floater
RU000A10A7S0,AA-/A+,RUB,4000.0,102.0,-0.25,18.27,2027-05-23,2024-12-04,iСелктл1Р5,Отсутствует,Селектел,IT,Отличная,12,2026-07-27,КС,2026-06-28,floater
RU000A106CL4,A-,RUB,2500.0,100.0,0.0,16.04,2033-05-26,2023-06-08,iУОМЗ Б-5,Пут,УОМЗ,Промышленность,Плохая,2,2026-12-03,КС,2026-06-28,floater
RU000A10EPW2,A-,RUB,6000.0,98.0,-1.0,19.27,2029-03-11,2026-03-27,sБрус 2Р07,Пут,Брусника,Недвижимость,Плохая,12,2026-07-25,КС,2026-06-28,floater
RU000A10D9J2,AAA,RUB,50000.0,100.04,-0.09,16.19,2029-10-23,2025-10-28,sВЭБ2Р-52,Отсутствует,ВЭБ,Банки,Хорошая,12,2026-07-28,RUONIA сроч.,2026-06-28,floater
RU000A107AU7,AAA,RUB,40000.0,97.9,-0.18,15.36,2030-05-23,2023-11-30,sВЭБP-39,Отсутствует,ВЭБ,Банки,Отличная,4,2026-08-27,RUONIA,2026-06-28,floater
RU000A10DP51,AA-,RUB,12500.0,101.0,-0.28,17.38,2028-11-16,2025-12-02,sГТЛК2P-11,Отсутствует,ГТЛК,Лизинг,Отличная,12,2026-06-30,КС,2026-06-28,floater
RU000A1067H4,BBB+/BBB,RUB,3000.0,99.5,-0.37,19.38,2027-05-06,2023-05-11,sЛЕГЕНД2P1,Отсутствует,Легенда,Недвижимость,Средняя,4,2026-08-06,КС,2026-06-28,floater
RU000A10EHJ6,A-,RUB,4600.0,102.3,-1.89,18.91,2029-02-23,2026-03-11,sПионер2P3,Отсутствует,ГК Пионер,Недвижимость,Плохая,12,2026-07-09,КС,2026-06-28,floater
RU000A10DBE2,AAA,RUB,35000.0,100.21,0.03,15.92,2028-02-23,2025-10-30,sСОПФДОМ12,Отсутствует,СОПФ ДОМ.РФ,Банки,Хорошая,4,2026-08-26,КС,2026-06-28,floater
RU000A10F140,AAA,RUB,20000.0,100.34,0.34,17.37,2028-03-29,2026-04-30,sСОПФДОМ16,Отсутствует,СОПФ ДОМ.РФ,Банки,Хорошая,4,2026-06-29,КС,2026-06-28,floater
RU000A106P97,AAA,RUB,30000.0,99.49,-0.13,15.21,2027-08-26,2023-08-31,sСОПФДОМ6,Отсутствует,СОПФ ДОМ.РФ,Банки,Отличная,4,2026-08-27,RUONIA,2026-06-28,floater
RU000A107TK8,AAA,RUB,15000.0,100.0,0.9,15.27,2029-02-21,2024-02-28,sСОПФДОМ8,Отсутствует,СОПФ ДОМ.РФ,Банки,Хорошая,4,2026-08-26,RUONIA,2026-06-28,floater
RU000A10DPV6,AA-,RUB,2750.0,100.77,0.22,18.97,2027-11-24,2025-12-04,sСистем2P7,Отсутствует,АФК Система,"Промышленность, Телекоммуникации",Хорошая,12,2026-07-02,КС,2026-06-28,floater
RU000A10DZT9,A+,RUB,6350.0,101.32,-0.34,18.3,2027-12-16,2025-12-26,А101 1P03,Отсутствует,A101,Недвижимость,Отличная,12,2026-07-24,КС,2026-06-28,floater
RU000A109PP1,A-,RUB,1000.0,100.18,0.05,18.46,2027-09-24,2024-10-09,АБЗ-1 2Р01,Отсутствует,АБЗ-1,Промышленность,Отличная,12,2026-07-01,КС,2026-06-28,floater
RU000A10B263,A-,RUB,1000.0,101.84,-0.18,20.94,2028-02-25,2025-03-12,АБЗ-1 2Р02,Отсутствует,АБЗ-1,Промышленность,Отличная,12,2026-07-05,КС,2026-06-28,floater
RU000A10DQK7,A-,RUB,2500.0,99.9,0.02,19.42,2028-11-26,2025-12-12,АБЗ-1 2Р05,Отсутствует,АБЗ-1,Промышленность,Отличная,12,2026-07-10,КС,2026-06-28,floater
RU000A10DC15,A+,RUB,5000.0,99.95,-0.2,18.0,2031-10-20,2025-11-20,АВТОБФ БП7,Пут,Автобан,Недвижимость,Отличная,12,2026-07-18,КС,2026-06-28,floater
RU000A10ERH9,A+,RUB,5000.0,99.88,0.09,18.0,2032-03-02,2026-04-03,АВТОБФ БП9,Пут,Автобан,Недвижимость,Отличная,12,2026-07-02,КС,2026-06-28,floater
RU000A109825,A+,RUB,1050.0,99.88,0.02,16.5,2034-06-22,2024-08-13,АЗБУКАВКП3,Пут,Азбука Вкуса,Розница,Хорошая,12,2026-07-04,КС,2026-06-28,floater
RU000A109L49,AAA,RUB,45000.0,99.7,-0.14,15.55,2028-09-02,2024-09-23,АЛРОСА1Р1,Отсутствует,АЛРОСА,Металлургия,Отличная,12,2026-07-15,КС,2026-06-28,floater
RU000A10DY92,AAA,RUB,20000.0,100.5,-0.18,15.65,2027-12-13,2025-12-23,АЛРОСА2Р1,Отсутствует,АЛРОСА,Металлургия,Погранично хорошая,12,2026-07-21,КС,2026-06-28,floater
RU000A10FAN0,AAA,RUB,30000.0,99.88,-0.05,15.79,2029-05-18,2026-06-03,АЛРОСА2Р2,Отсутствует,АЛРОСА,Металлургия,Отличная,12,2026-07-03,КС,2026-06-28,floater
RU000A107QL2,BBB-,RUB,362.0,93.99,-0.75,18.5,2027-01-20,2024-02-05,АЛЬЯНС 1P3,Отсутствует,Бизнес Альянс,Лизинг,Хорошая,12,2026-07-24,КС,2026-06-28,floater
RU000A109B82,BBB-,RUB,212.0,84.65,0.49,18.82,2028-02-10,2024-08-29,АЛЬЯНС 1P6,Отсутствует,Бизнес Альянс,Лизинг,Хорошая,12,2026-07-20,КС,2026-06-28,floater
RU000A10A554,BBB-,RUB,31.0,96.5,-0.95,22.0,2028-12-05,2024-11-26,АПРИ 2Р6,Отсутствует,АПРИ Флай Плэнинг,Недвижимость,Плохая,12,2026-07-19,КС,2026-06-28,floater
RU000A1097C2,BBB+,RUB,210.0,99.18,0.18,17.75,2027-08-30,2024-08-09,АРЕНЗА1Р05,Отсутствует,Аренза,Лизинг,Плохая,12,2026-07-23,КС,2026-06-28,floater
RU000A10A026,BBB+,RUB,148.0,99.39,-0.47,18.25,2027-11-26,2024-11-05,АРЕНЗА1Р06,Отсутствует,Аренза,Лизинг,Плохая,12,2026-07-18,КС,2026-06-28,floater
RU000A107HR8,AA,RUB,7000.0,100.45,0.16,17.0,2026-12-24,2023-12-28,АФБАНК1Р11,Отсутствует,Авто Финанс Банк,Банки,Отличная,4,2026-09-24,КС,2026-06-28,floater
RU000A108RP9,AA,RUB,10000.0,100.26,-0.05,16.7,2027-06-18,2024-06-21,АФБАНК1Р12,Отсутствует,Авто Финанс Банк,Банки,Отличная,4,2026-09-18,КС,2026-06-28,floater
RU000A109KY4,AA,RUB,10000.0,100.32,0.07,16.8,2027-09-17,2024-09-20,АФБАНК1Р13,Отсутствует,Авто Финанс Банк,Банки,Хорошая,4,2026-09-18,КС,2026-06-28,floater
RU000A10D9L8,AA,RUB,4000.0,100.32,0.1,16.44,2028-10-11,2025-10-27,АФБАНК1Р17,Отсутствует,Авто Финанс Банк,Банки,Хорошая,12,2026-07-24,КС,2026-06-28,floater
RU000A109AU3,,RUB,89.0,6.72,1.44,20.5,2028-02-22,2024-08-27,Агродом01,Отсутствует,АгроДом,Сельское хозяйство,Очень плохая,4,2026-08-25,КС,2026-06-28,floater
RU000A10CTB2,A,RUB,3000.0,98.53,0.2,16.61,2028-09-20,2025-09-24,Агроэко1Р1,Отсутствует,Агроэко,Сельское хозяйство,Хорошая,4,2026-09-23,КС,2026-06-28,floater
RU000A109T74,BBB-,RUB,199.0,99.31,-0.24,19.5,2027-10-02,2024-10-17,АйДиКол1Р2,Отсутствует,АйДи Коллект,МФО,Хорошая,12,2026-07-09,КС,2026-06-28,floater
RU000A10EDB2,BBB-,RUB,76.0,98.28,0.41,21.0,2029-02-22,2026-02-26,АквилонЛР5,Отсутствует,Аквилон-Лизинг,Лизинг,Средняя,4,2026-08-27,КС,2026-06-28,floater
RU000A109XR1,AA,RUB,10800.0,100.35,-0.2,16.06,2027-10-14,2024-10-29,Акрон Б1P5,Отсутствует,Акрон,Удобрения,Отличная,12,2026-07-21,КС,2026-06-28,floater
RU000A10AA28,AA,RUB,11500.0,102.3,0.4,17.72,2027-07-27,2024-12-09,Акрон Б1P6,Отсутствует,Акрон,Удобрения,Отличная,12,2026-07-02,КС,2026-06-28,floater
RU000A10A1N4,AA-,RUB,1000.0,101.3,0.21,17.36,2027-11-09,2024-11-12,АльфаЛБ02,Отсутствует,Альфа-Лизинг,Лизинг,Хорошая,4,2026-08-11,КС,2026-06-28,floater
RU000A10AAU6,A+,RUB,2000.0,102.36,0.34,19.5,2026-12-12,2024-12-12,Амур 24001,Отсутствует,Амурская область,Субфедеральный долг,Отличная,12,2026-07-24,КС,2026-06-28,floater
RU000A10B3A6,AAA,RUB,20000.0,101.69,0.22,16.6,2027-03-07,2025-03-17,Атомэнп04,Отсутствует,Атомэнергопром,Промышленность,Отличная,12,2026-07-10,КС,2026-06-28,floater
RU000A109UD7,AAA,RUB,20000.0,100.21,0.06,15.61,2027-10-08,2024-10-23,Атомэнпр03,Отсутствует,Атомэнергопром,Промышленность,Отличная,12,2026-07-15,КС,2026-06-28,floater
RU000A10F7N6,AAA,RUB,25000.0,100.6,0.5,15.81,2029-05-06,2026-05-22,Атомэнпр13,Отсутствует,Атомэнергопром,Промышленность,Средняя,12,2026-07-21,КС,2026-06-28,floater
RU000A10F7T3,AAA,RUB,15000.0,100.6,0.31,15.74,2028-11-10,2026-05-25,Атомэнпр14,Отсутствует,Атомэнергопром,Промышленность,Средняя,12,2026-07-24,КС,2026-06-28,floater
RU000A10BGJ4,AA,RUB,45000.0,101.71,0.16,16.73,2028-04-08,2025-04-24,Аэрофл2Б01,Отсутствует,Аэрофлот,Транспорт,Отличная,12,2026-07-18,КС,2026-06-28,floater
RU000A10CS75,AA,RUB,30000.0,99.32,-0.14,15.95,2030-08-24,2025-09-19,Аэрофл2Б02,Отсутствует,Аэрофлот,Транспорт,Отличная,12,2026-07-16,КС,2026-06-28,floater
RU000A1090N4,A,RUB,1600.0,97.65,-0.27,17.9,2027-07-20,2024-07-23,Аэрфью2Р03,Отсутствует,Аэрофьюэлз,Транспорт,Отличная,4,2026-07-21,КС,2026-06-28,floater
RU000A108F63,BB,RUB,418.0,96.34,-0.35,19.5,2027-10-28,2024-05-16,БДеньг-2P6,Колл,МФК Быстроденьги,МФО,Отличная,12,2026-07-05,КС,2026-06-28,floater
RU000A108777,AA-,RUB,8000.0,97.55,-0.22,16.68,2027-04-08,2024-04-23,БалтЛизП10,Отсутствует,Балтийский Лизинг,Лизинг,Отличная,12,2026-07-12,КС,2026-06-28,floater
RU000A108P46,AA-,RUB,6000.0,94.87,-0.23,16.67,2027-06-09,2024-06-24,БалтЛизП11,Отсутствует,Балтийский Лизинг,Лизинг,Отличная,12,2026-07-14,КС,2026-06-28,floater
RU000A109551,AA-,RUB,7500.0,95.11,-0.38,16.78,2027-08-25,2024-09-09,БалтЛизП12,Отсутствует,Балтийский Лизинг,Лизинг,Отличная,12,2026-07-01,КС,2026-06-28,floater
RU000A10DWF5,AA+,RUB,4000.0,100.79,-0.05,16.25,2029-11-27,2025-12-18,Башкрт225,Отсутствует,Башкирия,Субфедеральный долг,Хорошая,12,2026-07-16,КС,2026-06-28,floater
RU000A107E81,A,RUB,3000.0,97.56,-0.24,16.22,2026-12-14,2023-12-18,БинФарм1P3,Отсутствует,Биннофарм Групп,Промышленность,Отличная,4,2026-09-14,RUONIA,2026-06-28,floater
RU000A10DJ00,A-,RUB,5000.0,99.09,-1.51,17.2,2027-11-14,2025-11-24,БорецК1Р04,Отсутствует,Борец,Промышленность,Плохая,12,2026-07-22,КС,2026-06-28,floater
RU000A100725,,RUB,220.0,102.0,5.8,19.5,2029-03-15,2019-03-28,БрайтФ БП1,Пут,Bright Finance,Розница,Плохая,4,2026-09-17,КС,2026-06-28,floater
RU000A107D33,AA-/A+,RUB,2000.0,100.38,-0.02,19.0,2027-12-09,2023-12-14,ВИС Ф БП05,Отсутствует,ВИС Финанс,Недвижимость,Отличная,4,2026-09-10,КС,2026-06-28,floater
RU000A109KX6,AA-/A+,RUB,2500.0,97.92,0.07,17.36,2027-09-22,2024-09-25,ВИС Ф БП06,Отсутствует,ВИС Финанс,Недвижимость,Отличная,4,2026-09-23,КС,2026-06-28,floater
RU000A10DA41,AA-/A+,RUB,2500.0,98.49,0.01,18.03,2028-10-12,2025-10-28,ВИС Ф БП10,Отсутствует,ВИС Финанс,Недвижимость,Отличная,12,2026-07-25,КС,2026-06-28,floater
RU000A10AC67,BBB+,RUB,100.0,101.0,0.24,21.5,2028-12-04,2024-12-25,ВОКСИС-01,Колл,Воксис,Телекоммуникации,Средняя,12,2026-07-18,КС,2026-06-28,floater
RU000A106TM6,AAA,RUB,14902.0,99.76,0.15,14.5,2026-09-01,2023-09-01,ВТБ Б1-343,Отсутствует,ВТБ,Банки,Отличная,12,2026-07-01,КС,2026-06-28,floater
RU000A107B35,AAA,RUB,3270.0,99.51,0.06,14.5,2026-12-01,2023-12-01,ВТБ Б1-346,Отсутствует,ВТБ,Банки,Отличная,12,2026-07-01,КС,2026-06-28,floater
RU000A107W55,AAA,RUB,5362.0,99.7,-0.29,14.75,2027-03-02,2024-03-01,ВТБ Б1-351,Отсутствует,ВТБ,Банки,Хорошая,12,2026-07-01,КС,2026-06-28,floater
RU000A109KL1,AAA,RUB,2052.0,99.99,0.0,14.5,2027-09-20,2024-09-19,ВТБ Б1-359,Отсутствует,ВТБ,Банки,Отличная,12,2026-07-19,КС,2026-06-28,floater
RU000A103SC6,AAA,RUB,29000.0,72.0,-0.5,18.75,,2021-10-04,ВТБСУБ1-12,Колл,ВТБ,Банки,Плохая,2,2026-09-28,КС,2026-06-28,floater
RU000A104JW1,AAA,RUB,8440.0,72.5,-1.5,18.25,,2022-02-17,ВТБСУБ1-13,Колл,ВТБ,Банки,Плохая,4,2026-08-13,КС,2026-06-28,floater
RU000A102QJ7,AAA,USD,825.0,67.0,0.0,5.0,,2021-02-08,ВТБСУБТ1-1,Колл,ВТБ,Банки,Плохая,2,2026-08-03,КС,2026-06-28,floater
RU000A102QL3,AAA,RUB,17301.0,80.0,0.0,21.0,,2021-02-08,ВТБСУБТ1-2,Колл,ВТБ,Банки,Плохая,2,2026-08-03,КС,2026-06-28,floater
RU000A102QM1,AAA,USD,88.0,76.0,0.5,8.15,,2021-02-08,ВТБСУБТ1-3,Колл,ВТБ,Банки,Плохая,2,2026-08-03,КС,2026-06-28,floater
RU000A1034Q5,AAA,RUB,7500.0,75.3,,18.25,,2021-05-26,ВТБСУБТ1-6,Колл,ВТБ,Банки,Плохая,2,2026-11-18,КС,2026-06-28,floater
RU000A102887,AAA,RUB,20000.0,85.8,0.6,17.2,2031-04-02,2020-10-14,ВТБСУБТ2-2,Колл,ВТБ,Банки,Плохая,2,2026-10-07,КС,2026-06-28,floater
RU000A10BVY2,AA,RUB,50000.0,101.3,-0.04,15.9,2026-08-20,2025-06-26,ВТБФ 1P01,Отсутствует,ВТБ Факторинг,Факторинг,Плохая,12,2026-06-30,КС,2026-06-28,floater
RU000A10BWA0,AA,RUB,49000.0,101.84,,15.9,2026-08-21,2025-06-27,ВТБФ 1P02,Отсутствует,ВТБ Факторинг,Факторинг,Очень плохая,12,2026-06-30,КС,2026-06-28,floater
RU000A10AHP1,AA,RUB,677.0,99.98,-0.21,16.62,2026-12-25,2024-12-27,ВТБФ БО-01,Отсутствует,ВТБ Факторинг,Факторинг,Средняя,12,2026-06-30,КС,2026-06-28,floater
RU000A10ACF3,AAA,RUB,100000.0,100.53,-0.26,15.93,2026-12-08,2024-12-18,ВЭБ2Р-48,Отсутствует,ВЭБ,Банки,Отличная,12,2026-07-11,RUONIA,2026-06-28,floater
RU000A10B3C2,AAA,RUB,100000.0,101.34,-0.66,16.34,2027-03-07,2025-03-17,ВЭБ2Р-49,Отсутствует,ВЭБ,Банки,Средняя,12,2026-07-10,RUONIA,2026-06-28,floater
RU000A10B8D9,AAA,RUB,50000.0,100.38,-0.09,16.83,2027-04-06,2025-04-08,ВЭБ2Р-50,Отсутствует,ВЭБ,Банки,Хорошая,4,2026-07-07,RUONIA сроч.,2026-06-28,floater
RU000A10C6S0,AAA,RUB,100000.0,99.72,-0.18,16.09,2028-07-25,2025-07-29,ВЭБ2Р-53,Отсутствует,ВЭБ,Банки,Отличная,4,2026-07-28,RUONIA сроч.,2026-06-28,floater
RU000A10DXJ5,AAA,RUB,50000.0,100.03,0.0,15.94,2030-12-16,2025-12-22,ВЭБ2Р-55,Отсутствует,ВЭБ,Банки,Погранично плохая,4,2026-09-21,RUONIA сроч.,2026-06-28,floater
RU000A10EEP0,AAA,RUB,40000.0,102.2,-0.1,17.12,2029-02-26,2026-03-02,ВЭБ2Р-57,Отсутствует,ВЭБ,Банки,Плохая,12,2026-08-31,RUONIA сроч.,2026-06-28,floater
RU000A1042W6,AAA,RUB,50000.0,99.74,0.25,15.67,2028-10-18,2021-11-26,ВЭБP-31,Отсутствует,ВЭБ,Банки,Хорошая,4,2026-07-22,RUONIA,2026-06-28,floater
RU000A105YH8,AAA,RUB,50000.0,98.93,-0.47,15.49,2030-09-18,2023-03-16,ВЭБP-36,Отсутствует,ВЭБ,Банки,Отличная,4,2026-09-23,RUONIA,2026-06-28,floater
RU000A106LL5,AAA,RUB,40000.0,98.5,-0.09,15.68,2032-08-25,2023-07-25,ВЭБP-37,Отсутствует,ВЭБ,Банки,Отличная,4,2026-09-02,RUONIA,2026-06-28,floater
RU000A106WW9,AAA,RUB,40000.0,99.8,0.1,15.77,2029-07-18,2023-09-19,ВЭБP-38,Отсутствует,ВЭБ,Банки,Средняя,4,2026-07-22,RUONIA,2026-06-28,floater
RU000A107X96,AAA,RUB,85000.0,97.02,0.12,15.67,2032-03-30,2024-04-09,ВЭБP-40,Отсутствует,ВЭБ,Банки,Отличная,4,2026-07-07,RUONIA,2026-06-28,floater
RU000A107XA1,AAA,RUB,65000.0,98.98,0.0,15.52,2028-07-20,2024-07-25,ВЭБP-41,Отсутствует,ВЭБ,Банки,Отличная,4,2026-07-23,RUONIA,2026-06-28,floater
RU000A107XB9,AAA,RUB,50000.0,99.0,-1.0,15.45,2029-07-30,2024-08-05,ВЭБP-42,Отсутствует,ВЭБ,Банки,Погранично плохая,4,2026-08-03,RUONIA,2026-06-28,floater
RU000A107XC7,AAA,RUB,50000.0,99.65,-5.35,15.18,2029-09-20,2024-09-26,ВЭБP-43,Отсутствует,ВЭБ,Банки,Погранично плохая,4,2026-09-24,RUONIA,2026-06-28,floater
RU000A109890,BB,RUB,112.0,96.35,0.56,19.5,2028-01-26,2024-08-14,ВЭББНКР 07,Колл,МФК Вэббанкир,МФО,Отличная,12,2026-07-05,КС,2026-06-28,floater
RU000A10C2R1,B-,RUB,70.0,47.28,0.03,22.0,2030-07-09,2025-07-15,Виллин1P2,Отсутствует,Виллина,Промышленность,Плохая,4,2026-07-14,КС,2026-06-28,floater
RU000A107GJ7,A,RUB,4000.0,99.75,-0.08,16.88,2026-12-09,2023-12-25,ВсИнстр1Р1,Отсутствует,Всеинструменты.ру,Розница,Отличная,12,2026-07-12,КС,2026-06-28,floater
RU000A109VJ2,A,RUB,4500.0,100.9,0.44,17.85,2027-10-10,2024-10-25,ВсИнстр1Р2,Отсутствует,Всеинструменты.ру,Розница,Хорошая,12,2026-07-17,КС,2026-06-28,floater
RU000A10B3X8,A,RUB,2500.0,100.2,0.12,18.15,2026-09-09,2025-03-18,ВсИнстр1Р5,Отсутствует,Всеинструменты.ру,Розница,Средняя,12,2026-07-11,КС,2026-06-28,floater
RU000A10BQF1,A+/A,RUB,5000.0,100.6,0.08,18.5,2035-05-13,2025-06-04,ГИДРОМАШ03,Пут,Гидромашсервис,Промышленность,Отличная,12,2026-06-29,КС,2026-06-28,floater
RU000A10C5U8,A+/A,RUB,3000.0,100.0,-0.26,17.75,2035-07-01,2025-07-23,ГИДРОМАШ05,Пут,Гидромашсервис,Промышленность,Хорошая,12,2026-07-18,КС,2026-06-28,floater
RU000A10EHC1,A+/A,RUB,4000.0,99.49,0.09,17.66,2036-01-18,2026-03-11,ГМС002Р-01,Пут,Гидромашсервис,Промышленность,Отличная,12,2026-07-09,КС,2026-06-28,floater
RU000A107F49,AAA/AA+,RUB,12697.0,98.55,-0.04,14.5,2027-06-20,2023-12-20,ГПБ005P02P,Отсутствует,Газпромбанк,Банки,Отличная,12,2026-07-20,КС,2026-06-28,floater
RU000A1097S8,AAA/AA+,RUB,780.0,98.71,0.16,15.11,2028-02-08,2024-08-13,ГПБ005P04P,Отсутствует,Газпромбанк,Банки,Хорошая,4,2026-08-11,КС,2026-06-28,floater
RU000A108VL0,AAA/AA+,RUB,537.0,98.2,0.0,15.0,2028-02-01,2024-07-01,ГПБ005P12P,Отсутствует,Газпромбанк,Банки,Хорошая,12,2026-07-01,КС,2026-06-28,floater
RU000A10EDA4,AAA/AA+,RUB,26000.0,99.99,-0.01,14.3,2028-02-12,2026-02-26,ГПБФин1Р10,Отсутствует,Газпромбанк,Банки,Очень плохая,12,2026-07-22,КС,2026-06-28,floater
RU000A109R19,AAA/AA+,RUB,10000.0,99.4,0.0,15.97,2027-10-24,2024-10-08,ГПБФин1Р2,Колл,Газпромбанк,Банки,Средняя,4,2026-07-26,КС,2026-06-28,floater
RU000A10C6C4,AAA/AA+,RUB,10000.0,100.0,0.0,14.4,2027-08-04,2025-08-14,ГПБФин1Р4,Отсутствует,Газпромбанк,Банки,Очень плохая,12,2026-07-10,КС,2026-06-28,floater
RU000A10DYH7,AAA/AA+,RUB,20000.0,100.0,0.0,14.33,2027-06-17,2025-12-24,ГПБФин1Р7,Отсутствует,Газпромбанк,Банки,Отличная,12,2026-07-22,КС,2026-06-28,floater
RU000A10F8V7,AAA,RUB,100000.0,101.0,0.0,15.27,2029-05-12,2026-05-28,ГПН005Р-08,Пут,Газпром нефть,Нефть и Газ,Очень плохая,12,2026-07-27,КС,2026-06-28,floater
RU000A10FGC0,AAA,RUB,110000.0,99.85,0.02,15.73,2028-06-08,2026-06-19,ГПН005Р-10,Отсутствует,Газпром нефть,Нефть и Газ,Погранично хорошая,12,2026-07-19,КС,2026-06-28,floater
RU000A0JWTV5,AA-,RUB,1035.0,137.56,,15.63,2031-09-05,2016-09-23,ГТЛК 1P-01,Отсутствует,ГТЛК,Лизинг,Очень плохая,4,2026-09-11,КБД,2026-06-28,floater
RU000A0JXE06,AA-,RUB,10000.0,97.4,0.04,17.2,2032-01-22,2017-02-09,ГТЛК 1P-03,Пут,ГТЛК,Лизинг,Отличная,4,2026-07-30,КС,2026-06-28,floater
RU000A0ZYAP9,AA-,RUB,10272.0,92.71,-1.14,16.0,2032-09-01,2017-09-20,ГТЛК 1P-06,Отсутствует,ГТЛК,Лизинг,Средняя,4,2026-09-09,КС,2026-06-28,floater
RU000A0ZZ1J8,AA-,RUB,10000.0,97.25,0.4,17.0,2033-03-18,2018-04-06,ГТЛК 1P-09,Пут,ГТЛК,Лизинг,Хорошая,4,2026-09-25,КС,2026-06-28,floater
RU000A1038M5,AA-,RUB,7000.0,95.35,-0.29,16.65,2036-05-28,2021-06-16,ГТЛК 1P-20,Пут,ГТЛК,Лизинг,Отличная,4,2026-09-09,КС,2026-06-28,floater
RU000A108DE3,AA-,RUB,11000.0,96.51,-0.71,17.15,2029-04-27,2024-05-03,ГТЛК 1P-21,Пут,ГТЛК,Лизинг,Отличная,4,2026-07-31,КС,2026-06-28,floater
RU000A102VR0,AA-,RUB,10000.0,95.52,-0.07,16.6,2036-03-03,2021-03-22,ГТЛК 2P-01,Пут,ГТЛК,Лизинг,Хорошая,4,2026-09-14,КС,2026-06-28,floater
RU000A107TT9,AA-,RUB,7500.0,98.1,-0.02,16.8,2039-02-02,2024-02-21,ГТЛК 2P-03,Пут,ГТЛК,Лизинг,Отличная,4,2026-08-19,КС,2026-06-28,floater
RU000A10A5H7,AA-,RUB,4000.0,102.99,-0.01,19.03,2027-11-12,2024-11-27,ГТЛК 2P-06,Пут,ГТЛК,Лизинг,Плохая,12,2026-07-20,КС,2026-06-28,floater
RU000A10CR50,AA-,RUB,30000.0,97.05,0.08,16.89,2028-08-30,2025-09-15,ГТЛК 2P-10,Отсутствует,ГТЛК,Лизинг,Отличная,12,2026-07-12,КС,2026-06-28,floater
RU000A107084,AAA,RUB,30000.0,98.87,0.26,15.51,2028-04-04,2023-10-10,ГазКап2P10,Отсутствует,Газпром,Нефть и Газ,Отличная,4,2026-07-07,RUONIA,2026-06-28,floater
RU000A107ET1,AAA,RUB,40000.0,99.41,-0.09,15.11,2027-12-14,2023-12-19,ГазКап2P11,Отсутствует,Газпром,Нефть и Газ,Отличная,4,2026-09-15,RUONIA,2026-06-28,floater
RU000A107T27,AAA,RUB,25000.0,98.8,-0.02,15.26,2029-02-12,2024-02-19,ГазКап2P12,Отсутствует,Газпром,Нефть и Газ,Хорошая,4,2026-08-17,RUONIA,2026-06-28,floater
RU000A1087J8,AAA,RUB,20000.0,98.49,0.0,15.34,2029-03-14,2024-04-09,ГазКап2P14,Отсутствует,Газпром,Нефть и Газ,Отличная,12,2026-06-28,RUONIA,2026-06-28,floater
RU000A10ECM1,AAA,RUB,50000.0,100.04,-0.35,15.79,2028-08-12,2026-02-24,ГазКап3P21,Отсутствует,Газпром,Нефть и Газ,Отличная,12,2026-07-24,КС,2026-06-28,floater
RU000A10ES57,AAA,RUB,40000.0,100.02,0.02,15.93,2029-04-22,2026-04-08,ГазКап3P24,Отсутствует,Газпром,Нефть и Газ,Отличная,12,2026-07-07,КС,2026-06-28,floater
RU000A107050,AAA,RUB,30000.0,99.2,0.2,15.52,2028-04-04,2023-10-10,ГазпКап2P9,Отсутствует,Газпром,Нефть и Газ,Хорошая,4,2026-07-07,RUONIA,2026-06-28,floater
RU000A108JV4,AAA,RUB,40000.0,99.51,0.1,15.6,2028-05-07,2024-05-28,ГазпКап3P2,Отсутствует,Газпром,Нефть и Газ,Отличная,12,2026-07-17,КС,2026-06-28,floater
RU000A10D2Q2,AAA,RUB,25000.0,100.3,0.03,15.83,2027-09-30,2025-10-10,ГазпКап3P6,Отсутствует,Газпром,Нефть и Газ,Отличная,12,2026-07-07,КС,2026-06-28,floater
RU000A10DLE1,AAA,RUB,70000.0,100.21,0.03,15.78,2029-05-09,2025-11-26,ГазпКап3P7,Отсутствует,Газпром,Нефть и Газ,Отличная,12,2026-07-24,КС,2026-06-28,floater
RU000A107UW1,AAA,RUB,50000.0,100.15,0.07,15.65,2027-02-12,2024-02-28,Газпн3P10R,Отсутствует,Газпром нефть,Нефть и Газ,Отличная,12,2026-07-17,КС,2026-06-28,floater
RU000A107UX9,AAA,RUB,20000.0,100.23,0.22,15.32,2027-02-24,2024-02-28,Газпн3P11R,Отсутствует,Газпром нефть,Нефть и Газ,Хорошая,4,2026-08-26,RUONIA,2026-06-28,floater
RU000A109B33,AAA,RUB,55000.0,99.87,-0.13,15.63,2028-02-09,2024-08-28,Газпн3P13R,Отсутствует,Газпром нефть,Нефть и Газ,Отличная,12,2026-07-19,КС,2026-06-28,floater
RU000A10BK09,AAA,RUB,42500.0,101.26,0.13,16.48,2027-04-27,2025-05-07,Газпн3P14R,Отсутствует,Газпром нефть,Нефть и Газ,Отличная,12,2026-07-01,КС,2026-06-28,floater
RU000A106565,AAA,RUB,22000.0,99.77,0.07,16.3,2028-04-14,2023-04-21,Газпнф3P6R,Отсутствует,Газпром нефть,Нефть и Газ,Отличная,4,2026-07-17,КС,2026-06-28,floater
RU000A107605,AAA,RUB,34000.0,99.3,0.24,15.34,2027-11-02,2023-11-07,Газпнф3P7R,Отсутствует,Газпром нефть,Нефть и Газ,Отличная,4,2026-08-04,RUONIA,2026-06-28,floater
RU000A107HG1,AAA,RUB,12000.0,100.15,-0.08,15.66,2026-12-12,2023-12-28,Газпнф3P8R,Отсутствует,Газпром нефть,Нефть и Газ,Отличная,12,2026-07-15,КС,2026-06-28,floater
RU000A107HH9,AAA,RUB,15000.0,99.54,-0.22,15.18,2027-12-23,2023-12-28,Газпнф3P9R,Отсутствует,Газпром нефть,Нефть и Газ,Хорошая,4,2026-09-24,RUONIA,2026-06-28,floater
RU000A10DA66,AAA,RUB,57000.0,100.02,0.01,15.78,2029-04-10,2025-10-28,Газпнф5P2R,Отсутствует,Газпром нефть,Нефть и Газ,Отличная,12,2026-07-25,КС,2026-06-28,floater
RU000A10DRF5,AAA,RUB,50000.0,100.11,-0.49,16.03,2028-11-23,2025-12-09,Газпнф5P3R,Отсутствует,Газпром нефть,Нефть и Газ,Отличная,12,2026-07-07,КС,2026-06-28,floater
RU000A10E630,AAA,RUB,138000.0,100.03,-0.13,15.76,2029-01-12,2026-01-28,Газпнф5P4R,Отсутствует,Газпром нефть,Нефть и Газ,Отличная,12,2026-07-27,КС,2026-06-28,floater
RU000A10EJA1,AAA,RUB,50000.0,99.9,-0.26,15.9,2029-02-24,2026-03-12,Газпнф5P5R,Отсутствует,Газпром нефть,Нефть и Газ,Отличная,12,2026-07-10,КС,2026-06-28,floater
RU000A10EVJ7,AAA,RUB,100000.0,100.15,0.02,15.86,2029-03-31,2026-04-16,Газпнф5P6R,Отсутствует,Газпром нефть,Нефть и Газ,Отличная,12,2026-07-15,КС,2026-06-28,floater
RU000A106375,AAA,RUB,40000.0,99.0,0.13,15.55,2028-04-05,2023-04-12,ГазпромК07,Отсутствует,Газпром,Нефть и Газ,Отличная,4,2026-07-08,RUONIA,2026-06-28,floater
RU000A10CRA8,,RUB,7000.0,101.0,0.0,16.08,2030-08-21,2025-09-16,Гланит01,Отсутствует,Гланит,Промышленность,Очень плохая,12,2026-07-13,КС,2026-06-28,floater
RU000A105MN1,AAA,RUB,30000.0,100.12,0.25,15.14,2027-09-22,2022-12-19,ДОМ 2P1,Отсутствует,ДОМ.РФ,Банки,Средняя,4,2026-09-23,RUONIA,2026-06-28,floater
RU000A107GC2,AAA,RUB,40000.0,99.36,-0.65,14.95,2027-12-17,2023-12-22,ДОМ 2P3,Отсутствует,ДОМ.РФ,Банки,Средняя,4,2026-09-18,RUONIA,2026-06-28,floater
RU000A108FC2,AAA,RUB,90000.0,99.6,-0.08,14.99,2028-05-19,2024-05-24,ДОМ 2P4,Отсутствует,ДОМ.РФ,Банки,Хорошая,4,2026-08-21,RUONIA,2026-06-28,floater
RU000A109U97,AAA,RUB,101000.0,100.25,0.14,15.75,2026-10-18,2024-10-22,ДОМ 2P5,Отсутствует,ДОМ.РФ,Банки,Отличная,12,2026-07-20,КС,2026-06-28,floater
RU000A10CM22,AAA,RUB,40000.0,100.1,0.2,15.45,2027-02-26,2025-08-29,ДОМ 2P6,Пут,ДОМ.РФ,Банки,Средняя,2,2026-08-28,КС,2026-06-28,floater
RU000A10CT58,AAA,RUB,35000.0,99.71,-0.51,15.24,2027-03-23,2025-09-23,ДОМ 2P7,Пут,ДОМ.РФ,Банки,Погранично плохая,2,2026-09-22,КС,2026-06-28,floater
RU000A10DXL1,AAA,RUB,22000.0,99.5,0.0,14.75,2027-06-21,2025-12-22,ДОМ 2P8,Пут,ДОМ.РФ,Банки,Средняя,2,2026-12-21,КС,2026-06-28,floater
RU000A10FF02,AAA,RUB,20000.0,99.75,0.0,14.76,2028-06-14,2026-06-17,ДОМ 2P9,Отсутствует,ДОМ.РФ,Банки,Отличная,2,2026-12-16,КС,2026-06-28,floater
RU000A0JQAM6,AAA,RUB,7000.0,105.0,-2.5,18.0,2028-09-15,2009-08-27,ДОМ.РФ15об,Отсутствует,ДОМ.РФ,Банки,Плохая,2,2026-09-15,КС,2026-06-28,floater
RU000A105MP6,BBB+,RUB,729.0,99.65,-0.03,16.97,2026-12-15,2022-12-20,ДФФ 2Р-01,Отсутствует,Домодедово Фьюэл Фасилитис,Транспорт,Отличная,2,2026-12-15,КС,2026-06-28,floater
RU000A10FGG1,A-/BBB+,RUB,0.0,104.96,,17.77,2029-06-10,2026-06-26,Джи-гр 2P8,Отсутствует,Джи-Групп,Недвижимость,Плохая,12,2026-07-26,КС,2026-06-28,floater
RU000A108TU5,A-/BBB+,RUB,3000.0,98.29,0.08,17.36,2026-12-12,2024-06-25,Джи-гр 2Р4,Отсутствует,Джи-Групп,Недвижимость,Отличная,12,2026-07-15,КС,2026-06-28,floater
RU000A109981,A-/BBB+,RUB,2000.0,95.39,-0.21,17.43,2027-08-31,2024-08-16,Джи-гр 2Р5,Отсутствует,Джи-Групп,Недвижимость,Отличная,12,2026-07-07,КС,2026-06-28,floater
RU000A108462,BB,RUB,250.0,96.46,-0.28,18.5,2027-03-14,2024-03-29,Джой 1P2,Отсутствует,Джой Мани,МФО,Отличная,12,2026-07-17,КС,2026-06-28,floater
RU000A1078X8,BB,RUB,145.0,88.94,-0.4,17.5,2028-10-27,2023-11-23,ДрктЛиз2Р2,Отсутствует,Директ Лизинг,Лизинг,Погранично хорошая,12,2026-07-10,КС,2026-06-28,floater
RU000A1094T3,BB,RUB,154.0,87.0,-0.55,18.5,2029-07-06,2024-08-01,ДрктЛиз2Р3,Отсутствует,Директ Лизинг,Лизинг,Средняя,12,2026-07-22,КС,2026-06-28,floater
RU000A10BXQ4,BB,RUB,80.0,94.81,-0.22,22.0,2030-06-05,2025-07-01,ДрктЛиз2Р4,Колл,Директ Лизинг,Лизинг,Средняя,12,2026-07-26,КС,2026-06-28,floater
RU000A105KW6,AAA,RUB,5000.0,101.0,1.0,15.52,2028-12-03,2022-12-07,ЕАБР П3-05,Пут,Евразийский банк развития,"Банки, Наднациональная компания",Плохая,2,2026-12-02,КС,2026-06-28,floater
RU000A1064L3,AAA,RUB,15000.0,99.71,-0.27,15.88,2028-04-20,2023-04-27,ЕАБР П3-07,Отсутствует,Евразийский банк развития,"Банки, Наднациональная компания",Хорошая,2,2026-10-22,RUONIA,2026-06-28,floater
RU000A106JX4,AAA,RUB,6000.0,99.4,0.0,16.79,2028-07-07,2023-07-14,ЕАБР П3-08,Отсутствует,Евразийский банк развития,"Банки, Наднациональная компания",Отличная,2,2026-07-10,RUONIA,2026-06-28,floater
RU000A107EA1,AAA,RUB,10000.0,99.09,0.16,15.33,2028-12-13,2023-12-20,ЕАБР П3-09,Отсутствует,Евразийский банк развития,Банки,Средняя,2,2026-12-16,RUONIA,2026-06-28,floater
RU000A107R29,BB,RUB,400.0,97.02,-1.98,18.5,2029-01-30,2024-02-06,ЕАС 1P1,Колл,ЕнисейАгроСоюз,Сельское хозяйство,Отличная,4,2026-08-04,КС,2026-06-28,floater
RU000A10B925,BB,RUB,200.0,99.79,-0.22,21.5,2030-03-13,2025-04-08,ЕАС 1P2,Колл,ЕнисейАгроСоюз,Сельское хозяйство,Хорошая,12,2026-07-02,КС,2026-06-28,floater
RU000A10AG22,AA-,RUB,7000.0,102.0,0.25,19.33,2026-12-15,2024-12-25,ЕСЭГ1PC6,Отсутствует,ЕвроСибЭнерго,Инфраструктура,Средняя,12,2026-07-18,КС,2026-06-28,floater
RU000A108G05,AA+/AA,RUB,40000.0,99.91,-0.09,15.72,2026-11-07,2024-05-21,ЕврХол3P01,Отсутствует,Евраз,Металлургия,Отличная,12,2026-07-10,КС,2026-06-28,floater
RU000A10EQ75,AA+/AA,RUB,50000.0,100.27,0.32,16.2,2029-03-14,2026-03-30,ЕврХол3P06,Отсутствует,Евраз,Металлургия,Хорошая,12,2026-06-28,КС,2026-06-28,floater
RU000A108Y86,AA,RUB,12000.0,100.21,0.0,16.39,2027-06-24,2024-07-09,Европлн1Р7,Отсутствует,Европлан,Лизинг,Отличная,12,2026-06-29,КС,2026-06-28,floater
RU000A10A7C4,AA,RUB,8500.0,103.2,0.4,18.27,2027-11-18,2024-12-03,Европлн1Р8,Отсутствует,Европлан,Лизинг,Отличная,12,2026-07-26,КС,2026-06-28,floater
RU000A107G55,AAA,RUB,46229.0,101.19,0.98,16.36,2033-11-28,2023-12-22,ИАДОМ 1P39,Отсутствует,ДОМ.РФ,,Плохая,12,2026-06-28,КС,2026-06-28,floater
RU000A10CSX8,AAA,RUB,15000.0,99.7,-0.41,15.45,2035-09-02,2025-09-24,ИКС5Фи3P14,Пут,Икс 5,Розница,Хорошая,12,2026-07-21,КС,2026-06-28,floater
RU000A10E6Q2,AAA,RUB,20000.0,100.15,-0.1,15.73,2036-01-14,2026-02-05,ИКС5Фи3P16,Пут,Икс 5,Розница,Отличная,12,2026-07-05,КС,2026-06-28,floater
RU000A10EL88,AAA,RUB,20000.0,102.85,2.85,15.5,2036-03-30,2026-04-22,ИКС5Фи3P19,Пут,Икс 5,Розница,Плохая,12,2026-07-21,КС,2026-06-28,floater
RU000A1075S4,AAA,RUB,20000.0,100.14,-0.05,15.6,2026-10-17,2023-11-02,ИКС5Фин3P2,Отсутствует,Икс 5,Розница,Отличная,12,2026-07-19,КС,2026-06-28,floater
RU000A107WL0,AAA,RUB,10000.0,100.04,0.14,15.6,2034-02-28,2024-03-12,ИКС5Фин3P4,Пут,Икс 5,Розница,Отличная,4,2026-09-08,КС,2026-06-28,floater
RU000A108LU2,AAA,RUB,10000.0,99.89,-0.09,15.31,2034-05-26,2024-06-07,ИКС5Фин3P5,Пут,Икс 5,Розница,Отличная,4,2026-09-04,КС,2026-06-28,floater
RU000A107C00,,RUB,150.0,99.5,0.0,18.0,2027-11-16,2023-12-07,ИСТРСЫР 03,Колл,Истринская сыроварня,Розница,Плохая,12,2026-07-24,КС,2026-06-28,floater
RU000A10CZ43,A-,RUB,3000.0,99.3,-0.15,17.24,2027-09-22,2025-10-02,ИЭКХолд1Р4,Отсутствует,ИЭК Холдинг,Промышленность,Отличная,12,2026-06-29,КС,2026-06-28,floater
RU000A10B8P3,A+,RUB,2000.0,102.31,1.48,17.88,2028-03-22,2025-04-07,Инаркт2Р3,Отсутствует,Инарктика,Сельское хозяйство,Отличная,12,2026-07-01,КС,2026-06-28,floater
RU000A10DHV3,A+,RUB,2300.0,100.34,-0.14,17.24,2028-11-03,2025-11-19,Инаркт2Р5,Отсутствует,Инарктика,Сельское хозяйство,Отличная,12,2026-07-17,КС,2026-06-28,floater
RU000A10FA64,A+,RUB,3000.0,100.0,0.1,17.27,2029-05-17,2026-06-02,Инаркт2Р6,Отсутствует,Инарктика,Сельское хозяйство,Отличная,12,2026-07-02,КС,2026-06-28,floater
RU000A109DV5,A,RUB,2632.0,100.15,0.34,17.1,2027-08-19,2024-09-03,ИнтЛиз1Р09,Отсутствует,Интерлизинг,Лизинг,Хорошая,12,2026-07-25,КС,2026-06-28,floater
RU000A10A4N8,A,RUB,3060.0,98.0,-2.01,19.0,2027-11-07,2024-11-22,ИнтЛиз1Р10,Отсутствует,Интерлизинг,Лизинг,Очень плохая,12,2026-07-15,КС,2026-06-28,floater
RU000A0ZZ885,A+/A,RUB,3000.0,82.57,0.5,15.31,2033-05-10,2018-05-29,КАМАЗ БО-9,Отсутствует,КАМАЗ,Промышленность,Средняя,2,2026-11-17,КБД,2026-06-28,floater
RU000A0ZZ877,A+/A,RUB,3000.0,82.52,0.28,15.31,2033-05-10,2018-05-29,КАМАЗ БО10,Отсутствует,КАМАЗ,Промышленность,Средняя,2,2026-11-17,КБД,2026-06-28,floater
RU000A0ZZ893,A+/A,RUB,3000.0,83.09,0.21,15.31,2033-05-10,2018-05-29,КАМАЗ БО11,Отсутствует,КАМАЗ,Промышленность,Погранично плохая,2,2026-11-17,КБД,2026-06-28,floater
RU000A109JW0,A+/A,RUB,8000.0,96.09,0.1,15.66,2027-09-14,2024-09-17,КАМАЗ БП12,Отсутствует,КАМАЗ,Промышленность,Отличная,4,2026-09-15,КС,2026-06-28,floater
RU000A109VM6,A+/A,RUB,5000.0,99.13,0.04,16.1,2026-10-15,2024-10-25,КАМАЗ БП13,Отсутствует,КАМАЗ,Промышленность,Отличная,12,2026-07-17,КС,2026-06-28,floater
RU000A10ASW4,A+/A,RUB,10000.0,99.49,0.04,17.89,2027-01-25,2025-02-04,КАМАЗ БП14,Отсутствует,КАМАЗ,Промышленность,Отличная,12,2026-06-29,КС,2026-06-28,floater
RU000A10CQ93,A+/A,RUB,6500.0,96.99,-0.02,16.56,2027-09-02,2025-09-12,КАМАЗ БП17,Отсутствует,КАМАЗ,Промышленность,Отличная,12,2026-07-09,КС,2026-06-28,floater
RU000A10DPB8,A+/A,RUB,3100.0,99.09,0.09,17.23,2027-11-22,2025-12-02,КАМАЗ БП19,Отсутствует,КАМАЗ,Промышленность,Отличная,12,2026-06-30,КС,2026-06-28,floater
RU000A10EN37,A+/A,RUB,500.0,100.21,-0.48,18.06,2028-03-13,2026-03-24,КАМАЗ БП21,Отсутствует,КАМАЗ,Промышленность,Хорошая,12,2026-07-22,КС,2026-06-28,floater
RU000A10AZF4,BB-,RUB,43.0,101.87,-0.13,21.31,2028-02-12,2025-02-27,КЛВЗ 1P03,Отсутствует,КЛВЗ Кристалл,Потребительские товары,Плохая,12,2026-07-22,КС,2026-06-28,floater
RU000A10AHD7,BBB+,RUB,1200.0,98.67,-0.13,19.75,2027-12-11,2024-12-26,Кокс01Р1,Отсутствует,Кокс,Металлургия,Отличная,12,2026-07-19,КС,2026-06-28,floater
RU000A10B0S4,BBB+,RUB,300.0,99.57,0.89,20.24,2028-02-19,2025-03-06,Кокс01Р3,Пут,Кокс,Металлургия,Средняя,12,2026-06-29,КС,2026-06-28,floater
RU000A109JX8,BBB,RUB,200.0,97.28,-2.91,18.75,2027-09-02,2024-09-17,ЛАЗСИСТ-01,Отсутствует,Лазерные системы,IT,Хорошая,12,2026-07-09,КС,2026-06-28,floater
RU000A10C6Y8,BBB+/BBB,RUB,1500.0,99.44,0.34,18.3,2027-07-18,2025-07-28,ЛЕГЕНДА2P5,Отсутствует,Легенда,Недвижимость,Средняя,12,2026-07-23,КС,2026-06-28,floater
RU000A107DS5,AAA,RUB,5500.0,100.07,-0.23,16.47,2026-12-14,2023-12-18,МБЭС 2P-02,Отсутствует,МБЭС,"Банки, Наднациональная компания",Отличная,2,2026-12-14,КС,2026-06-28,floater
RU000A108Q03,AAA,RUB,5000.0,99.86,0.01,16.11,2034-06-06,2024-06-18,МБЭС 2P-03,Пут,МБЭС,"Банки, Наднациональная компания",Отличная,4,2026-09-15,КС,2026-06-28,floater
RU000A109908,BBB/BBB-,RUB,3750.0,97.88,-0.08,18.68,2026-08-06,2024-08-16,МВ ФИН 1Р5,Отсутствует,М.Видео,Розница,Отличная,12,2026-07-07,КС,2026-06-28,floater
RU000A104XJ9,BB/BB-,RUB,150.0,100.03,0.23,24.0,2026-12-29,2022-07-05,МГКЛ 1P1,Отсутствует,Мосгорломбард,МФО,Хорошая,4,2026-06-30,КС,2026-06-28,floater
RU000A105W08,AA+/AA,RUB,7000.0,99.45,0.0,16.03,2027-02-17,2023-02-22,МЕТАЛИН1P4,Отсутствует,Металлоинвест,Металлургия,Средняя,2,2026-08-19,КС,2026-06-28,floater
RU000A1079S6,AA+/AA,RUB,15000.0,98.83,0.22,15.47,2027-11-23,2023-11-28,МЕТАЛИН1P6,Отсутствует,Металлоинвест,Металлургия,Хорошая,4,2026-08-25,КС,2026-06-28,floater
RU000A108WY1,AA+/AA,RUB,10000.0,99.55,-0.07,15.69,2027-01-01,2024-07-05,МЕТАЛИН1P8,Отсутствует,Металлоинвест,Металлургия,Отличная,4,2026-07-03,КС,2026-06-28,floater
RU000A10B4D8,AA+/AA,RUB,30000.0,100.18,-0.08,16.29,2027-03-10,2025-03-20,МЕТАЛИНP13,Отсутствует,Металлоинвест,Металлургия,Отличная,12,2026-07-13,КС,2026-06-28,floater
RU000A10BQD6,AA+/AA (AAA/AA),RUB,45000.0,100.5,0.5,16.39,2028-05-18,2025-06-03,МЕТАЛИНP14,Отсутствует,Металлоинвест,Металлургия,Хорошая,12,2026-06-28,КС,2026-06-28,floater
RU000A10C725,AA+/AA (AAA/AA),RUB,55000.0,99.59,-0.09,15.93,2028-07-12,2025-07-28,МЕТИН2P01,Отсутствует,Металлоинвест,Металлургия,Отличная,12,2026-07-23,КС,2026-06-28,floater
RU000A10DQL5,AA+/AA (AAA/AA),RUB,20000.0,99.75,-0.02,16.23,2030-12-02,2025-12-08,МЕТИН2P03,Отсутствует,Металлоинвест,Металлургия,Отличная,12,2026-07-06,КС,2026-06-28,floater
RU000A10E7W8,AA+/AA (AAA/AA),RUB,75000.0,99.7,-0.1,16.25,2030-02-08,2026-02-09,МЕТИН2P04,Отсутствует,Металлоинвест,Металлургия,Отличная,12,2026-07-09,КС,2026-06-28,floater
RU000A10ENS5,AA+/AA,RUB,60000.0,99.5,-0.47,16.02,2030-03-25,2026-03-26,МЕТИН2P05,Отсутствует,Металлоинвест,Металлургия,Отличная,12,2026-07-24,КС,2026-06-28,floater
RU000A109221,BBB-,RUB,500.0,86.5,0.06,19.0,2027-07-20,2024-07-23,МИРРИКО1P1,Отсутствует,Миррико,Нефть и Газ,Погранично хорошая,4,2026-07-21,КС,2026-06-28,floater
RU000A10AFQ3,BBB-,RUB,500.0,85.16,0.16,18.5,2027-12-21,2024-12-24,МИРРИКО1P2,Отсутствует,Миррико,Нефть и Газ,Хорошая,4,2026-09-22,КС,2026-06-28,floater
RU000A10C3P3,BBB-,RUB,55.0,82.62,-1.3,19.5,2028-07-02,2025-07-18,МИРРИКО1P4,Колл,Миррико,Нефть и Газ,Плохая,12,2026-07-13,КС,2026-06-28,floater
RU000A1099E4,AAA/AA+,RUB,3500.0,99.9,0.0,15.79,2029-07-25,2024-08-20,МОЭ 1Р01,Пут,Мособлэнерго,Инфраструктура,Отличная,12,2026-07-11,КС,2026-06-28,floater
RU000A10B727,BBB-,RUB,200.0,96.0,-0.12,20.32,2030-03-01,2025-03-27,МСБЛиз3P05,Отсутствует,МСБ-Лизинг,Лизинг,Хорошая,12,2026-07-20,КС,2026-06-28,floater
RU000A108RM6,A/A-,RUB,5000.0,88.49,0.49,0.01,2027-06-06,2024-06-21,МСПБанк1P1,Отсутствует,МСП Банк,Банки,Плохая,4,2026-09-09,КС,2026-06-28,floater
RU000A109KV0,A/A-,RUB,7500.0,99.93,0.02,17.25,2029-08-25,2024-09-20,МСПБанк1P2,Пут,МСП Банк,Банки,Отличная,12,2026-07-12,КС,2026-06-28,floater
RU000A10CG79,A/A-,RUB,5000.0,100.42,-0.14,17.61,2027-08-09,2025-08-19,МСПБанк3P2,Отсутствует,МСП Банк,Банки,Отличная,12,2026-07-15,КС,2026-06-28,floater
RU000A10D7Z2,AA,RUB,1000.0,100.67,-0.01,17.31,2027-10-14,2025-10-24,МСПФакт1P1,Отсутствует,МСП Факторинг,Факторинг,Отличная,12,2026-07-21,КС,2026-06-28,floater
RU000A1075E4,AAA,RUB,25000.0,98.68,-0.21,15.33,2027-10-26,2023-10-31,МТС 2P-01,Отсутствует,МТС,Телекоммуникации,Отличная,4,2026-07-28,RUONIA,2026-06-28,floater
RU000A1078S8,AAA,RUB,13500.0,97.92,0.13,15.21,2028-11-15,2023-11-22,МТС 2P-02,Отсутствует,МТС,Телекоммуникации,Хорошая,4,2026-08-19,RUONIA,2026-06-28,floater
RU000A10AF49,AAA,RUB,50000.0,100.5,-0.5,15.63,2027-12-17,2024-12-20,МТС 2P-03,Отсутствует,МТС,Телекоммуникации,Очень плохая,2,2026-12-18,RUONIA,2026-06-28,floater
RU000A1083U4,AAA,RUB,17000.0,99.6,0.06,15.18,2027-09-23,2024-03-28,МТС 2P-04,Отсутствует,МТС,Телекоммуникации,Отличная,4,2026-09-24,RUONIA,2026-06-28,floater
RU000A1083W0,AAA,RUB,25000.0,99.7,0.15,15.41,2027-09-23,2024-03-28,МТС 2P-05,Отсутствует,МТС,Телекоммуникации,Отличная,4,2026-09-24,КС,2026-06-28,floater
RU000A109312,AAA,RUB,17000.0,98.88,-0.02,15.79,2028-07-20,2024-07-25,МТС 2P-06,Отсутствует,МТС,Телекоммуникации,Отличная,4,2026-07-23,КС,2026-06-28,floater
RU000A10D459,AAA,RUB,20000.0,100.0,-0.36,16.03,2027-10-06,2025-10-16,МТС 2P-13,Отсутствует,МТС,Телекоммуникации,Отличная,12,2026-07-13,КС,2026-06-28,floater
RU000A10DFN4,AAA,RUB,17000.0,100.12,-0.77,16.11,2030-10-22,2025-11-17,МТС 2P-14,Пут,МТС,Телекоммуникации,Хорошая,12,2026-07-15,КС,2026-06-28,floater
RU000A10E8N5,AAA,RUB,20000.0,100.28,0.08,16.15,2032-01-11,2026-02-11,МТС 2Р-16,Пут,МТС,Телекоммуникации,Отличная,12,2026-07-11,КС,2026-06-28,floater
RU000A10ELF6,AAA,RUB,10000.0,100.05,-0.07,16.0,2036-01-25,2026-03-18,МТС 2Р-17,Пут,МТС,Телекоммуникации,Отличная,12,2026-07-16,КС,2026-06-28,floater
RU000A10F8N4,AAA,RUB,40000.0,99.7,-0.05,15.77,2038-03-26,2026-05-28,МТС 3Р-02,Пут,МТС,Телекоммуникации,Отличная,12,2026-07-27,КС,2026-06-28,floater
RU000A107456,A,RUB,10000.0,99.95,-0.12,16.32,2026-10-21,2023-10-23,МТС-Банк03,Отсутствует,МТС Банк,Банки,Хорошая,4,2026-07-22,RUONIA,2026-06-28,floater
RU000A105TP1,AAA/AA+,RUB,30000.0,99.55,0.04,15.75,2028-02-03,2023-02-09,Магнит4P03,Отсутствует,Магнит,Розница,Хорошая,4,2026-08-06,КС,2026-06-28,floater
RU000A10A9Z1,AAA/AA+,RUB,12500.0,98.97,-0.28,15.85,2029-11-13,2024-12-09,Магнит4P05,Пут,Магнит,Розница,Отличная,12,2026-07-02,КС,2026-06-28,floater
RU000A1090K0,AAA/AA+,RUB,25000.0,100.03,0.03,15.5,2026-07-12,2024-07-22,Магнит4P06,Отсутствует,Магнит,Розница,Отличная,12,2026-07-12,КС,2026-06-28,floater
RU000A10B0A2,AAA/AA+,RUB,84800.0,100.19,-0.01,16.48,2026-08-27,2025-03-05,Магнит5P03,Отсутствует,Магнит,Розница,Отличная,12,2026-06-28,КС,2026-06-28,floater
RU000A10DDU4,AAA/AA+,RUB,20000.0,101.59,1.38,15.8,2027-11-02,2025-11-12,Магнит5P04,Отсутствует,Магнит,Розница,Отличная,12,2026-07-10,КС,2026-06-28,floater
RU000A10DPM5,AAA/AA+,RUB,26650.0,100.11,0.3,15.86,2028-01-22,2025-12-03,Магнит5P05,Отсутствует,Магнит,Розница,Отличная,12,2026-07-01,КС,2026-06-28,floater
RU000A10FDZ8,AAA/AA+,RUB,61500.0,99.99,-0.24,15.84,2029-05-31,2026-06-16,Магнит5P06,Отсутствует,Магнит,Розница,Отличная,12,2026-07-16,КС,2026-06-28,floater
RU000A10EDW8,AAA/AA+,RUB,85000.0,100.07,0.13,15.6,2028-05-17,2026-02-27,Магнит6P01,Отсутствует,Магнит,Розница,Отличная,12,2026-07-27,КС,2026-06-28,floater
RU000A10ERV0,AAA/AA+,RUB,64000.0,99.98,0.16,15.82,2028-09-23,2026-04-07,Магнит6P02,Отсутствует,Магнит,Розница,Отличная,12,2026-07-06,КС,2026-06-28,floater
RU000A10EYX2,AAA,RUB,25000.0,99.85,0.13,15.5,2029-02-11,2026-04-28,МегаФн2Р11,Отсутствует,Мегафон,Телекоммуникации,Отличная,12,2026-07-27,КС,2026-06-28,floater
RU000A10EYZ7,AAA,RUB,30000.0,100.0,0.19,15.5,2028-10-14,2026-04-28,МегаФн2Р12,Отсутствует,Мегафон,Телекоммуникации,Отличная,12,2026-07-27,КС,2026-06-28,floater
RU000A10D1W2,AAA,RUB,30000.0,99.69,0.11,15.57,2027-10-29,2025-10-09,Мегафн2Р10,Отсутствует,Мегафон,Телекоммуникации,Отличная,12,2026-07-06,КС,2026-06-28,floater
RU000A108QA3,AAA,RUB,10000.0,100.18,-0.01,15.25,2026-12-15,2024-06-18,Мегафон2P4,Отсутствует,Мегафон,Телекоммуникации,Отличная,4,2026-09-15,КС,2026-06-28,floater
RU000A108Q94,AAA,RUB,10000.0,100.07,-0.01,15.25,2027-02-13,2024-06-18,Мегафон2P5,Отсутствует,Мегафон,Телекоммуникации,Отличная,4,2026-09-15,КС,2026-06-28,floater
RU000A1094E5,AAA,RUB,10000.0,100.0,0.07,15.48,2026-07-28,2024-07-30,Мегафон2P6,Отсутствует,Мегафон,Телекоммуникации,Хорошая,4,2026-07-28,КС,2026-06-28,floater
RU000A109SZ4,AAA,RUB,11000.0,100.1,0.07,15.83,2027-04-15,2024-10-17,Мегафон2P7,Отсутствует,Мегафон,Телекоммуникации,Отличная,4,2026-07-16,КС,2026-06-28,floater
RU000A10BG05,AAA,RUB,15000.0,100.61,0.38,16.13,2027-03-13,2025-04-22,Мегафон2Р8,Отсутствует,Мегафон,Телекоммуникации,Средняя,12,2026-07-16,КС,2026-06-28,floater
RU000A10BFZ2,AAA,RUB,15000.0,100.86,0.26,16.13,2027-07-11,2025-04-22,Мегафон2Р9,Отсутствует,Мегафон,Телекоммуникации,Хорошая,12,2026-07-16,КС,2026-06-28,floater
RU000A10EG28,AA-,RUB,5500.0,100.7,0.79,16.4,2029-02-18,2026-03-06,Медси 1P04,Отсутствует,Медси,Потребительские товары,Погранично хорошая,12,2026-07-04,КС,2026-06-28,floater
RU000A10EXK1,AA,RUB,7500.0,100.2,0.25,16.06,2029-04-06,2026-04-22,МэйлБ1Р3,Отсутствует,VK,IT,Отличная,12,2026-07-21,КС,2026-06-28,floater
RU000A104EP6,,RUB,52.0,97.54,0.93,15.75,2026-12-22,2022-01-17,НЗРМ БО-01,Колл,НЗРМ,Металлургия,Плохая,12,2026-07-25,КС,2026-06-28,floater
RU000A109KW8,AAA,RUB,7500.0,99.0,-0.58,15.7,2031-08-15,2024-09-20,НКНХ 1Р-03,Пут,Нижнекамскнефтехим,Промышленность,Отличная,12,2026-07-12,КС,2026-06-28,floater
RU000A10DJA3,A,RUB,15000.0,100.28,-0.13,16.65,2028-12-04,2025-11-20,НижгорОб17,Отсутствует,Нижегородская область,Субфедеральный долг,Отличная,12,2026-07-18,КС,2026-06-28,floater
RU000A108LL1,,RUB,321.0,84.01,-2.58,19.0,2029-05-31,2024-06-06,Нижегород1,Отсутствует,Нижегородец Восток,Розница,Плохая,4,2026-09-03,КС,2026-06-28,floater
RU000A10AHB1,A/A-,RUB,600.0,100.66,-0.31,20.81,2026-12-16,2024-12-26,НовТех1Р1,Отсутствует,Новые Технологии,Промышленность,Хорошая,12,2026-07-19,КС,2026-06-28,floater
RU000A10AYD2,A/A-,RUB,700.0,100.2,0.14,19.79,2027-02-19,2025-02-21,НовТех1Р3,Отсутствует,Новые Технологии,Промышленность,Хорошая,4,2026-08-21,КС,2026-06-28,floater
RU000A10BFL2,A/A-,RUB,1000.0,100.28,0.01,18.87,2027-04-08,2025-04-18,НовТех1Р6,Отсутствует,Новые Технологии,Промышленность,Погранично плохая,12,2026-07-12,КС,2026-06-28,floater
RU000A1099A2,AA,RUB,4000.0,99.88,-0.07,15.9,2027-08-05,2024-08-20,НоваБевБП7,Отсутствует,Новабев Групп,Потребительские товары,Отличная,12,2026-07-11,КС,2026-06-28,floater
RU000A10ABC2,AA-,RUB,12250.0,103.0,0.56,19.0,2027-11-28,2024-12-13,Новосиб 26,Отсутствует,Новосибирская область,Субфедеральный долг,Отличная,12,2026-07-06,КС,2026-06-28,floater
RU000A10DCG5,AA- (AA/AA-),RUB,13500.0,99.93,0.0,16.74,2028-10-16,2025-11-01,Новотр 2Р2,Отсутствует,Новотранс,Транспорт,Отличная,12,2026-06-29,КС,2026-06-28,floater
RU000A109TW9,AAA,RUB,100000.0,99.67,-0.28,15.47,2029-09-26,2024-10-22,НорНик Б10,Колл,Норильский никель,Металлургия,Отличная,12,2026-07-14,КС,2026-06-28,floater
RU000A1069N8,AAA,RUB,60000.0,100.06,0.01,15.26,2028-05-17,2023-05-24,НорНик БО9,Отсутствует,Норильский никель,Металлургия,Отличная,4,2026-08-19,RUONIA,2026-06-28,floater
RU000A1083A6,AAA,RUB,100000.0,100.1,-0.01,15.8,2029-02-28,2024-03-26,НорНикБ1P7,Отсутствует,Норильский никель,Металлургия,Отличная,12,2026-07-14,КС,2026-06-28,floater
RU000A10ES16,A+,RUB,2000.0,101.34,-0.17,18.19,2028-03-27,2026-04-07,ОДК1Р02,Отсутствует,ОДК,Промышленность,Средняя,12,2026-07-06,КС,2026-06-28,floater
RU000A10FG68,A+,RUB,1000.0,100.07,-0.15,17.84,2028-06-07,2026-06-18,ОДК1Р04,Отсутствует,ОДК,Промышленность,Отличная,12,2026-07-18,КС,2026-06-28,floater
RU000A10EXZ9,A,RUB,15000.0,101.08,0.58,16.28,2028-10-10,2026-04-24,Озон 1P-02,Отсутствует,OZON,"Розница, IT",Отличная,12,2026-07-23,КС,2026-06-28,floater
RU000A1092T7,,RUB,470.0,40.0,-0.69,18.5,2028-01-05,2024-07-24,Омега01,Отсутствует,Omega,IT,Плохая,12,2026-07-14,КС,2026-06-28,floater
RU000A10DSM9,AA+/AA,RUB,8650.0,100.46,0.03,16.9,2030-11-16,2025-12-12,ПГК3Р03,Пут,Первая Грузовая Компания,Транспорт,Отличная,12,2026-07-10,КС,2026-06-28,floater
RU000A10EYW4,AA+/AA,RUB,2200.0,100.19,0.0,16.75,2028-10-14,2026-04-28,ПГК3Р05,Отсутствует,Первая Грузовая Компания,Транспорт,Хорошая,12,2026-07-27,КС,2026-06-28,floater
RU000A0ZZ1M2,AA-,RUB,7000.0,97.0,-1.58,16.0,2028-03-24,2018-04-06,ПИК БО-П04,Отсутствует,ПИК,Недвижимость,Плохая,2,2026-09-25,КС,2026-06-28,floater
RU000A108U72,A/A-,RUB,3000.0,98.99,0.65,17.55,2028-06-07,2024-06-26,ПКБ 1Р-05,Отсутствует,Первое Клиентское Бюро (ПКБ),МФО,Отличная,12,2026-07-18,КС,2026-06-28,floater
RU000A10A414,A/A-,RUB,1000.0,101.75,0.43,19.36,2027-11-07,2024-11-20,ПКБ 1Р-06,Отсутствует,Первое Клиентское Бюро (ПКБ),МФО,Хорошая,12,2026-07-15,КС,2026-06-28,floater
RU000A10BGW7,A/A-,RUB,2000.0,100.88,-0.01,18.33,2028-10-06,2025-04-25,ПКБ 1Р-08,Отсутствует,Первое Клиентское Бюро (ПКБ),МФО,Плохая,12,2026-07-19,КС,2026-06-28,floater
RU000A10E804,A/A-,RUB,1250.0,100.5,0.0,18.18,2028-03-04,2026-02-13,ПКБ 1Р-09,Отсутствует,Первое Клиентское Бюро (ПКБ),МФО,Плохая,12,2026-07-13,КС,2026-06-28,floater
RU000A10EMF4,A/A-,RUB,1850.0,99.54,0.43,17.84,2029-03-04,2026-03-20,ПКБ 1Р-10,Отсутствует,Первое Клиентское Бюро (ПКБ),МФО,Отличная,12,2026-07-18,КС,2026-06-28,floater
RU000A10F6G2,A/A-,RUB,1800.0,99.9,0.38,17.87,2029-06-28,2026-05-15,ПКБ 1Р-11,Отсутствует,Первое Клиентское Бюро (ПКБ),МФО,Отличная,12,2026-07-14,КС,2026-06-28,floater
RU000A109TJ6,AAA,RUB,17000.0,99.9,-0.1,16.0,2027-10-15,2024-10-18,ПСБ 3P-09,Отсутствует,Промсвязьбанк,Банки,Отличная,12,2026-06-30,КС,2026-06-28,floater
RU000A10ETT0,AAA,RUB,15000.0,100.24,-0.11,15.98,2028-04-03,2026-04-14,ПСБ 4P-04,Отсутствует,Промсвязьбанк,Банки,Отличная,12,2026-07-13,КС,2026-06-28,floater
RU000A10E4G8,A+,RUB,271.0,97.7,-1.5,16.5,2029-01-04,2026-01-20,ПСБ Фин2P2,Отсутствует,МФК ПСБ Финанс,МФО,Средняя,12,2026-07-19,КС,2026-06-28,floater
RU000A1087G4,A+,RUB,200.0,100.23,-0.17,18.5,2027-03-25,2024-04-09,ПСБ Фин2Р1,Отсутствует,МФК ПСБ Финанс,МФО,Отличная,12,2026-06-28,КС,2026-06-28,floater
RU000A10ARR6,,RUB,10000.0,98.12,-1.84,16.94,2028-01-26,2025-01-29,Пиксода Б1,Отсутствует,Пикалевская сода,Промышленность,Плохая,4,2026-07-29,КС,2026-06-28,floater
RU000A1090H6,B,RUB,400.0,74.26,1.26,21.96,2034-05-31,2024-07-22,ПионЛизБО6,Отсутствует,Пионер-лизинг,Лизинг,Средняя,12,2026-07-12,КС,2026-06-28,floater
RU000A10B4T4,B,RUB,400.0,67.17,-0.07,21.0,2035-01-31,2025-03-24,ПионЛизБО7,Отсутствует,Пионер-лизинг,Лизинг,Средняя,12,2026-07-17,КС,2026-06-28,floater
RU000A1006C3,B,RUB,300.0,71.01,0.5,20.75,2029-01-21,2019-03-15,ПионЛизБП2,Отсутствует,Пионер-лизинг,Лизинг,Средняя,12,2026-07-06,КС,2026-06-28,floater
RU000A1013N6,B,RUB,400.0,69.46,1.46,20.5,2029-10-04,2019-11-26,ПионЛизБП3,Отсутствует,Пионер-лизинг,Лизинг,Средняя,12,2026-07-22,КС,2026-06-28,floater
RU000A104V00,B,RUB,400.0,75.49,1.79,22.9,2032-04-15,2022-06-07,ПионЛизБР5,Отсутствует,Пионер-лизинг,Лизинг,Средняя,12,2026-07-16,ROISfix6M,2026-06-28,floater
RU000A10DY01,A-,RUB,2300.0,101.47,0.96,18.8,2028-12-10,2025-12-26,Пионер 2P2,Отсутствует,ГК Пионер,Недвижимость,Средняя,12,2026-07-24,КС,2026-06-28,floater
RU000A10AEG7,A,RUB,1000.0,100.93,-0.37,20.36,2029-11-24,2024-12-20,ПолиплП2Б1,Пут,Полипласт,Промышленность,Хорошая,12,2026-07-13,КС,2026-06-28,floater
RU000A10AYW2,A,RUB,2100.0,101.22,-0.41,20.32,2030-01-30,2025-02-25,ПолиплП2Б2,Пут,Полипласт,Металлургия,Отличная,12,2026-07-20,КС,2026-06-28,floater
RU000A10D3K3,AA,RUB,3930.0,99.99,0.21,17.3,2028-04-01,2025-10-14,ПочтаР3P02,Отсутствует,Почта России,Инфраструктура,Отличная,12,2026-07-11,КС,2026-06-28,floater
RU000A10EA32,AA,RUB,2300.0,99.92,0.08,17.38,2036-01-22,2026-02-13,ПочтаР3P04,Пут,Почта России,Инфраструктура,Отличная,12,2026-07-13,КС,2026-06-28,floater
RU000A108Z77,,RUB,544.0,98.65,-0.52,17.1,2027-08-02,2024-07-12,ПрактЛК1Р3,Отсутствует,Практика ЛК,Лизинг,Средняя,12,2026-07-26,КС,2026-06-28,floater
RU000A107LU4,,RUB,200.0,24.84,-1.03,18.0,2029-01-16,2024-01-23,ПушкПЗ1Р02,Отсутствует,ПЗ Пушкинское,Сельское хозяйство,Плохая,4,2026-07-21,КС,2026-06-28,floater
RU000A1080Y2,,RUB,131.0,24.51,-0.99,17.5,2029-03-08,2024-03-14,ПушкПЗ1Р03,Отсутствует,ПЗ Пушкинское,Сельское хозяйство,Плохая,4,2026-09-10,КС,2026-06-28,floater
RU000A1021G3,A+ (AA-),RUB,3000.0,100.01,0.0,18.75,2030-08-06,2020-08-18,РВК-Ин1Р01,Пут,РосВодоКанал,Инфраструктура,Хорошая,2,2026-08-11,КС,2026-06-28,floater
RU000A105HH3,AA-,RUB,6000.0,99.86,3.24,13.72,2032-11-15,2022-11-28,РЕСОЛиз2П2,Пут,РЕСО-Лизинг,Лизинг,Плохая,2,2026-11-23,КС,2026-06-28,floater
RU000A1075J3,AA-,RUB,11000.0,97.59,-0.21,16.32,2033-10-19,2023-11-01,РЕСОЛиз2П5,Пут,РЕСО-Лизинг,Лизинг,Отличная,4,2026-07-29,RUONIA,2026-06-28,floater
RU000A0ZZGT5,AAA,RUB,10000.0,99.7,0.13,15.32,2028-08-03,2018-08-16,РЖД 1Р-08R,Отсутствует,РЖД,Транспорт,Хорошая,2,2026-08-06,КБД,2026-06-28,floater
RU000A0ZZRY2,AAA,RUB,10000.0,100.19,0.29,14.82,2033-10-14,2018-11-02,РЖД 1Р-09R,Отсутствует,РЖД,Транспорт,Плохая,2,2026-10-23,КБД,2026-06-28,floater
RU000A101H84,AAA,RUB,15000.0,97.28,-1.58,15.05,2030-02-20,2020-03-04,РЖД 1Р-18R,Отсутствует,РЖД,Транспорт,Средняя,2,2026-08-26,КБД,2026-06-28,floater
RU000A106K43,AAA,RUB,30000.0,98.43,-0.18,15.5,2028-07-19,2023-07-17,РЖД 1Р-26R,Отсутствует,РЖД,Транспорт,Отличная,12,2026-07-06,RUONIA,2026-06-28,floater
RU000A106VV3,AAA,RUB,30000.0,99.62,0.03,15.49,2027-09-09,2023-09-13,РЖД 1Р-27R,Отсутствует,РЖД,Транспорт,Отличная,12,2026-07-02,RUONIA,2026-06-28,floater
RU000A106ZL5,AAA,RUB,45000.0,96.33,-0.11,15.31,2030-09-20,2023-10-05,РЖД 1Р-28R,Отсутствует,РЖД,Транспорт,Отличная,12,2026-07-24,RUONIA,2026-06-28,floater
RU000A108Z85,AAA,RUB,45000.0,98.07,0.12,15.51,2029-08-18,2024-07-15,РЖД 1Р-32R,Отсутствует,РЖД,Транспорт,Отличная,12,2026-06-28,RUONIA,2026-06-28,floater
RU000A109PF2,AAA,RUB,25000.0,98.38,0.14,15.44,2028-10-29,2024-10-02,РЖД 1Р-33R,Отсутствует,РЖД,Транспорт,Отличная,12,2026-07-15,RUONIA,2026-06-28,floater
RU000A10D1H3,AAA,RUB,20000.0,99.75,-0.04,15.64,2028-10-27,2025-10-07,РЖД 1Р-46R,Отсутствует,РЖД,Транспорт,Средняя,12,2026-07-13,RUONIA,2026-06-28,floater
RU000A10DJR7,AAA,RUB,45000.0,99.28,-0.44,15.78,2035-11-27,2025-11-21,РЖД 1Р-49R,Пут,РЖД,Транспорт,Отличная,12,2026-07-27,RUONIA,2026-06-28,floater
RU000A109LC8,A/BBB,RUB,500.0,94.69,0.44,17.5,2027-09-09,2024-09-24,РОЛЬФ 1Р03,Отсутствует,Рольф,Розница,Средняя,12,2026-07-16,КС,2026-06-28,floater
RU000A10ASD4,A/BBB,RUB,400.0,100.16,-0.73,20.5,2027-01-21,2025-01-31,РОЛЬФ 1Р06,Отсутствует,Рольф,Розница,Средняя,12,2026-07-25,КС,2026-06-28,floater
RU000A1008V9,,RUB,13400.0,90.07,0.33,16.05,2028-03-27,2019-04-08,РОСНАНО 8,Отсутствует,Роснано,,Погранично хорошая,2,2026-09-28,КБД,2026-06-28,floater
RU000A10CTK3,AA/AA-,RUB,15000.0,100.0,,13.94,2026-09-20,2025-09-25,РОССИЯ1Р1,Отсутствует,Банк Россия,Банки,Очень плохая,12,2026-07-22,КС,2026-06-28,floater
RU000A10EK63,AA/AA-,RUB,17000.0,100.0,,14.0,2027-03-11,2026-03-16,РОССИЯ1Р2,Колл,Банк Россия,Банки,Очень плохая,12,2026-07-14,КС,2026-06-28,floater
RU000A107S10,AA+/AA,RUB,42000.0,100.2,0.01,15.37,2027-01-29,2024-02-09,РСХБ2Р3,Отсутствует,РСХБ,Банки,Отличная,12,2026-07-27,RUONIA,2026-06-28,floater
RU000A10DFJ2,AA+/AA,RUB,2471.0,101.0,1.56,14.8,2026-11-19,2025-11-19,РСХБ2Р31,Отсутствует,РСХБ,Банки,Средняя,4,2026-08-20,КС,2026-06-28,floater
RU000A10EQF5,AA+/AA,RUB,464.0,97.59,-1.6,13.78,2027-03-31,2026-03-31,РСХБ2Р32,Отсутствует,РСХБ,Банки,Плохая,4,2026-07-01,КС,2026-06-28,floater
RU000A1077V4,AA+,RUB,20000.0,100.3,0.19,16.5,2033-11-03,2023-11-16,РСЭКСМБ2Р4,Пут,Росэксимбанк,Банки,Отличная,4,2026-08-13,КС,2026-06-28,floater
RU000A108ZT4,AA+,RUB,15000.0,100.38,-0.04,16.45,2034-07-05,2024-07-17,РСЭКСМБ2Р5,Пут,Росэксимбанк,Банки,Отличная,4,2026-07-15,КС,2026-06-28,floater
RU000A107EC7,AAA,RUB,10000.0,99.5,-0.5,15.65,2027-11-27,2023-12-18,РСетиЛЭ1P1,Отсутствует,ЛенЭнерго,Инфраструктура,Отличная,12,2026-07-05,КС,2026-06-28,floater
RU000A108P61,AAA,RUB,20000.0,99.94,-0.06,15.65,2027-05-30,2024-06-14,РСетиМР1P6,Отсутствует,МОЭСК,Инфраструктура,Отличная,12,2026-07-04,КС,2026-06-28,floater
RU000A109S91,AAA,RUB,5000.0,100.28,0.03,15.6,2026-10-01,2024-10-11,РСетиМР1P7,Отсутствует,МОЭСК,Инфраструктура,Хорошая,12,2026-07-03,КС,2026-06-28,floater
RU000A10AFW1,AAA,RUB,15000.0,100.95,0.02,17.24,2026-12-14,2024-12-24,РСетиМР1P8,Отсутствует,МОЭСК,Инфраструктура,Отличная,12,2026-07-17,КС,2026-06-28,floater
RU000A107DP1,AAA,RUB,8000.0,99.92,-0.03,15.65,2026-11-28,2023-12-14,РСетиМР1Р5,Отсутствует,МОЭСК,Инфраструктура,Отличная,12,2026-07-01,КС,2026-06-28,floater
RU000A10BQX4,AA+/AA,RUB,5000.0,100.9,0.0,16.4,2027-05-26,2025-06-05,РСетиСЗ1Р1,Отсутствует,Россети Северо-Запад,Инфраструктура,Хорошая,12,2026-06-30,КС,2026-06-28,floater
RU000A109JZ3,A+,RUB,10000.0,100.13,-0.1,16.66,2027-03-06,2024-09-17,РУСАЛ 1Р10,Отсутствует,РУСАЛ,Металлургия,Отличная,12,2026-07-09,КС,2026-06-28,floater
RU000A109JY6,A+,RUB,10000.0,100.07,0.0,16.91,2029-08-22,2024-09-17,РУСАЛ 1Р11,Отсутствует,РУСАЛ,Металлургия,Отличная,12,2026-07-09,КС,2026-06-28,floater
RU000A108VW7,A+,RUB,30000.0,99.78,-0.17,16.5,2027-06-17,2024-07-02,РУСАЛ 1Р9,Отсутствует,РУСАЛ,Металлургия,Отличная,12,2026-07-22,КС,2026-06-28,floater
RU000A1074E7,BB+,RUB,100.0,96.63,-0.27,20.0,2026-10-20,2023-10-24,РУССОЙЛ-01,Отсутствует,Руссойл,Нефть и Газ,Средняя,4,2026-07-21,КС,2026-06-28,floater
RU000A106169,AA-/A+,RUB,2108.0,99.94,0.17,17.85,2031-12-20,2023-03-30,РЭО-02,Отсутствует,РЭО,Инфраструктура,Средняя,4,2026-09-26,КС,2026-06-28,floater
RU000A10BXV4,BB-,RUB,38.0,87.51,-0.79,21.5,2030-06-25,2025-07-01,Реиннол1P3,Отсутствует,Реиннольц,Промышленность,Плохая,4,2026-06-30,КС,2026-06-28,floater
RU000A10C626,BBB,RUB,292.0,94.41,-0.14,19.33,2028-07-08,2025-07-24,Роделен2P4,Отсутствует,Роделен,Лизинг,Отличная,12,2026-07-19,КС,2026-06-28,floater
RU000A10F8Q7,A+/A,RUB,7500.0,100.28,-0.3,16.25,2029-05-12,2026-05-28,РосОб34001,Отсутствует,Ростовская область,Субфедеральный долг,Отличная,12,2026-07-27,КС,2026-06-28,floater
RU000A10ET56,AA+,RUB,5000.0,100.26,-0.71,16.09,2029-03-28,2026-04-13,РосСиб1Р01,Отсутствует,Россети Сибирь,Инфраструктура,Хорошая,12,2026-07-12,КС,2026-06-28,floater
RU000A108447,AA/AA-,RUB,7000.0,96.61,-0.03,15.94,2029-05-02,2024-03-29,Росагрл1Р5,Отсутствует,Росагролизинг,Лизинг,Отличная,12,2026-07-14,RUONIA,2026-06-28,floater
RU000A108KT6,AA/AA-,RUB,7000.0,97.14,-0.46,15.94,2029-07-04,2024-05-31,Росагрл2Р1,Отсутствует,Росагролизинг,Лизинг,Хорошая,12,2026-07-15,RUONIA,2026-06-28,floater
RU000A109DT9,AA/AA-,RUB,5000.0,99.78,0.81,16.05,2027-09-24,2024-09-03,Росагрл2Р3,Отсутствует,Росагролизинг,Лизинг,Хорошая,12,2026-07-17,КС,2026-06-28,floater
RU000A10CS91,AA/AA-,RUB,7000.0,99.33,-0.03,16.27,2028-10-09,2025-09-19,Росагрл2Р4,Отсутствует,Росагролизинг,Лизинг,Средняя,12,2026-07-26,КС,2026-06-28,floater
RU000A107AG6,AAA,RUB,5000.0,99.7,0.13,15.4,2027-05-18,2023-12-05,РоссЦP03,Отсутствует,МРСК Центр,Инфраструктура,Отличная,12,2026-07-22,КС,2026-06-28,floater
RU000A107CG2,AAA,RUB,10000.0,99.56,-0.14,15.54,2029-12-10,2023-12-12,Россет1Р11,Отсутствует,Россети (ФСК),Инфраструктура,Отличная,12,2026-06-29,КС,2026-06-28,floater
RU000A109528,AAA,RUB,65000.0,99.79,-0.18,15.29,2027-07-18,2024-08-02,Россет1Р13,Отсутствует,Россети (ФСК),Инфраструктура,Отличная,12,2026-07-23,КС,2026-06-28,floater
RU000A109ZQ8,AAA,RUB,23000.0,100.23,0.2,15.48,2026-10-22,2024-11-01,Россет1Р14,Отсутствует,Россети (ФСК),Инфраструктура,Отличная,12,2026-07-24,КС,2026-06-28,floater
RU000A10D4F1,AAA,RUB,23500.0,100.29,-0.03,15.62,2032-09-10,2025-10-17,Россет1Р18,Отсутствует,Россети (ФСК),Инфраструктура,Плохая,12,2026-07-14,КС,2026-06-28,floater
RU000A10DM96,AAA,RUB,35000.0,100.49,0.11,15.57,2028-09-13,2025-11-28,Россет1Р19,Отсутствует,Россети (ФСК),Инфраструктура,Хорошая,12,2026-07-26,КС,2026-06-28,floater
RU000A105VQ5,AAA,RUB,12000.0,100.0,-0.1,15.8,2038-02-02,2023-02-21,Россети1Р8,Пут,Россети (ФСК),Инфраструктура,Отличная,4,2026-08-18,КС,2026-06-28,floater
RU000A108GR8,AAA,RUB,15000.0,100.01,-0.01,15.51,2027-05-20,2024-05-23,Ростел1P7R,Отсутствует,Ростелеком,Телекоммуникации,Отличная,4,2026-08-20,КС,2026-06-28,floater
RU000A108LF3,AAA,RUB,10000.0,99.6,-0.43,15.38,2027-09-02,2024-06-06,Ростел1P8R,Отсутствует,Ростелеком,Телекоммуникации,Хорошая,4,2026-09-03,КС,2026-06-28,floater
RU000A1095W4,AAA,RUB,15000.0,99.82,-0.16,15.54,2027-08-04,2024-08-07,Ростел1P9R,Отсутствует,Ростелеком,Телекоммуникации,Отличная,4,2026-08-05,КС,2026-06-28,floater
RU000A109JS8,AAA,RUB,15000.0,99.73,-0.26,15.37,2027-09-13,2024-09-16,РостелP11R,Отсутствует,Ростелеком,Телекоммуникации,Хорошая,4,2026-09-14,КС,2026-06-28,floater
RU000A10BTC2,AAA,RUB,15000.0,100.83,0.54,16.13,2027-06-08,2025-06-18,РостелP18R,Отсутствует,Ростелеком,Телекоммуникации,Отличная,12,2026-07-13,КС,2026-06-28,floater
RU000A10CT41,AAA,RUB,15000.0,100.14,-0.12,15.57,2028-09-07,2025-09-23,РостелP20R,Отсутствует,Ростелеком,Телекоммуникации,Хорошая,12,2026-07-20,КС,2026-06-28,floater
RU000A10DCJ9,AAA,RUB,30000.0,100.64,0.47,15.93,2027-10-22,2025-11-01,РостелP21R,Отсутствует,Ростелеком,Телекоммуникации,Отличная,12,2026-06-29,КС,2026-06-28,floater
RU000A10FBH0,AAA,RUB,20000.0,100.84,-0.02,15.45,2029-11-15,2026-06-04,РостелP26R,Пут,Ростелеком,Телекоммуникации,Плохая,12,2026-07-04,КС,2026-06-28,floater
RU000A10A6V6,,RUB,50.0,14.0,4.01,22.31,2027-11-14,2024-11-29,РоялКапБ1,Отсутствует,Роял Капитал,Лизинг,Очень плохая,12,2026-07-22,КС,2026-06-28,floater
RU000A10DYB0,AAA/AA+,RUB,2500.0,100.12,-0.02,15.84,2028-12-07,2025-12-23,РстВол1Р-1,Отсутствует,Россети Волга,Инфраструктура,Хорошая,12,2026-07-21,КС,2026-06-28,floater
RU000A10A349,AAA,RUB,40000.0,100.4,0.22,16.43,2026-11-04,2024-11-14,РусГид2Р01,Отсутствует,Русгидро,Инфраструктура,Отличная,12,2026-07-07,КС,2026-06-28,floater
RU000A10AEB8,AAA,RUB,20500.0,100.88,-0.08,17.13,2026-12-09,2024-12-19,РусГид2Р05,Отсутствует,Русгидро,Инфраструктура,Отличная,12,2026-07-12,КС,2026-06-28,floater
RU000A10BRR4,AAA,RUB,50000.0,100.6,0.13,16.3,2027-05-30,2025-06-09,РусГид2Р06,Отсутствует,Русгидро,Инфраструктура,Отличная,12,2026-07-04,КС,2026-06-28,floater
RU000A10D3B2,AAA,RUB,5000.0,100.05,0.12,15.79,2028-09-28,2025-10-14,РусГид2Р09,Отсутствует,Русгидро,Инфраструктура,Хорошая,12,2026-07-11,КС,2026-06-28,floater
RU000A10E5X0,AAA,RUB,30000.0,100.17,0.01,15.75,2028-04-16,2026-01-27,РусГид2Р11,Отсутствует,Русгидро,Инфраструктура,Отличная,12,2026-07-26,КС,2026-06-28,floater
RU000A10EPX0,AAA,RUB,35000.0,100.15,-0.04,15.78,2029-03-11,2026-03-27,РусГид2Р12,Отсутствует,Русгидро,Инфраструктура,Отличная,12,2026-07-25,КС,2026-06-28,floater
RU000A10F6U3,AAA,RUB,55000.0,99.9,0.03,15.69,2029-08-01,2026-05-19,РусГид2Р13,Отсутствует,Русгидро,Инфраструктура,Отличная,12,2026-07-18,КС,2026-06-28,floater
RU000A106037,AAA,RUB,10000.0,99.94,-0.06,15.8,2028-03-20,2023-03-27,РусГидБП10,Отсутствует,Русгидро,Инфраструктура,Хорошая,4,2026-09-21,КС,2026-06-28,floater
RU000A106ZU6,AAA,RUB,30000.0,99.0,-0.34,16.2,2028-10-04,2023-10-11,РусГидБП12,Отсутствует,Русгидро,Инфраструктура,Отличная,4,2026-07-08,КС,2026-06-28,floater
RU000A10A398,A-,RUB,1000.0,100.3,0.0,18.92,2026-11-05,2024-11-15,СИМПЛ1Р01,Отсутствует,Simple Group,Розница,Хорошая,12,2026-07-08,КС,2026-06-28,floater
RU000A10BQ78,A-,RUB,1500.0,99.91,-0.34,18.27,2027-05-23,2025-06-02,СИМПЛ1Р04,Отсутствует,Simple Group,Розница,Отличная,12,2026-07-27,КС,2026-06-28,floater
RU000A107SG8,BBB-,RUB,500.0,92.59,-0.22,17.5,2033-12-24,2024-02-15,СИМПЛСК1Р1,Колл,Симпл Солюшнз Кэпитал,Лизинг,Отличная,12,2026-07-04,КС,2026-06-28,floater
RU000A109XN0,,RUB,11.0,44.99,1.1,19.0,2027-10-26,2024-10-29,СЛДК 1P1,Отсутствует,СЛДК,Промышленность,Плохая,4,2026-07-28,КС,2026-06-28,floater
RU000A104DZ7,B,RUB,300.0,90.8,-0.13,21.0,2026-12-19,2022-01-14,СНХТ БО-02,Отсутствует,Сибнефтехимтрейд,Нефть и Газ,Средняя,12,2026-07-22,КС,2026-06-28,floater
RU000A10BT00,,RUB,56.0,12.44,1.24,21.5,2028-06-01,2025-06-17,СОБИЛИЗ1Р6,Отсутствует,Соби-Лизинг,Лизинг,Плохая,12,2026-07-12,КС,2026-06-28,floater
RU000A10DK80,,RUB,1.0,9.01,-0.9,21.5,2028-11-09,2025-11-25,СОБИЛИЗ1Р8,Отсутствует,Соби-Лизинг,Лизинг,Очень плохая,12,2026-07-23,КС,2026-06-28,floater
RU000A10B2X0,A+/A,RUB,5000.0,101.88,-0.53,19.37,2027-03-11,2025-03-21,СТМ 1P5,Отсутствует,Синара Транспортные Машины,Промышленность,Отличная,12,2026-07-14,КС,2026-06-28,floater
RU000A107S85,BB,RUB,50.0,100.01,0.0,19.5,2027-01-28,2024-02-13,Саммит 1P3,Отсутствует,МФК Саммит,МФО,Хорошая,12,2026-07-02,КС,2026-06-28,floater
RU000A1095L7,A/A-,RUB,20000.0,80.54,0.08,17.01,2027-07-22,2024-08-06,СамолетP14,Отсутствует,Самолет,Недвижимость,Отличная,12,2026-07-27,КС,2026-06-28,floater
RU000A107BP5,BB-,RUB,4544.0,97.69,-0.2,17.68,2026-09-02,2023-12-06,Сегежа3P3R,Отсутствует,Сегежа,Промышленность,Средняя,4,2026-09-02,RUONIA,2026-06-28,floater
RU000A108991,BB-,RUB,10000.0,92.0,-0.99,18.54,2027-04-08,2024-04-11,Сегежа3P4R,Отсутствует,Сегежа,Промышленность,Средняя,4,2026-07-09,RUONIA,2026-06-28,floater
RU000A10C5K9,AA-/A+,RUB,1000.0,100.7,-0.27,18.85,2027-07-12,2025-07-22,Селигдар5Р,Отсутствует,Селигдар,Металлургия,Хорошая,12,2026-07-17,КС,2026-06-28,floater
RU000A10D3X6,AA-/A+,RUB,4800.0,100.99,0.14,18.89,2027-10-05,2025-10-15,Селигдар7Р,Отсутствует,Селигдар,Металлургия,Отличная,12,2026-07-12,КС,2026-06-28,floater
RU000A10DTA2,AA-/A+,RUB,2500.0,100.93,0.03,18.9,2027-12-06,2025-12-16,Селигдар9Р,Отсутствует,Селигдар,Металлургия,Отличная,12,2026-07-14,КС,2026-06-28,floater
RU000A10D4W6,A,RUB,3000.0,100.01,-0.11,16.93,2027-04-14,2025-10-21,СелоЗ1Р-1,Отсутствует,Cело Зеленое,Сельское хозяйство,Хорошая,12,2026-07-18,КС,2026-06-28,floater
RU000A10EMS7,A,RUB,6500.0,99.4,0.1,17.06,2031-02-25,2026-03-23,СелоЗ1Р-3,Отсутствует,Cело Зеленое,Розница,Отличная,12,2026-07-21,КС,2026-06-28,floater
RU000A10BRN3,BB,RUB,150.0,82.74,-0.19,19.0,2030-05-14,2025-06-09,СибКХП 1P4,Отсутствует,Сибирский комбинат хлебопродуктов,Сельское хозяйство,Погранично хорошая,12,2026-07-04,КС,2026-06-28,floater
RU000A10A7H3,AAA,RUB,9900.0,101.02,-0.05,16.37,2026-11-23,2024-12-03,СибурХ1Р02,Отсутствует,Сибур Холдинг,Промышленность,Отличная,12,2026-07-26,КС,2026-06-28,floater
RU000A10B4U2,AAA,RUB,50000.0,100.84,0.02,16.83,2032-03-17,2025-03-24,СибурХ1Р04,Колл,Сибур Холдинг,Промышленность,Хорошая,12,2026-07-17,КС,2026-06-28,floater
RU000A10B4W8,AAA,RUB,50000.0,100.86,-0.03,16.83,2032-03-17,2025-03-24,СибурХ1Р05,Колл,Сибур Холдинг,Промышленность,Отличная,12,2026-07-17,КС,2026-06-28,floater
RU000A10B4X6,AAA,RUB,43000.0,100.84,-0.01,16.83,2032-03-17,2025-03-24,СибурХ1Р06,Колл,Сибур Холдинг,Промышленность,Отличная,12,2026-07-17,КС,2026-06-28,floater
RU000A106Z46,AA-,RUB,15000.0,93.89,-0.11,16.23,2027-09-28,2023-10-03,Систем1P26,Отсутствует,АФК Система,"Промышленность, Телекоммуникации",Отличная,4,2026-06-30,RUONIA,2026-06-28,floater
RU000A107GX8,AA-,RUB,7000.0,93.37,-0.17,15.69,2027-12-21,2023-12-26,Систем1P27,Отсутствует,АФК Система,"Промышленность, Телекоммуникации",Отличная,4,2026-09-22,RUONIA,2026-06-28,floater
RU000A107SM6,AA-,RUB,7500.0,91.0,-0.11,15.87,2028-02-10,2024-02-15,Систем1P28,Отсутствует,АФК Система,"Промышленность, Телекоммуникации",Отличная,4,2026-08-13,RUONIA,2026-06-28,floater
RU000A108GL1,AA-,RUB,12000.0,89.85,0.03,16.35,2028-05-18,2024-05-23,Систем1P29,Отсутствует,АФК Система,"Промышленность, Телекоммуникации",Отличная,4,2026-08-20,RUONIA,2026-06-28,floater
RU000A108GN7,AA-,RUB,12000.0,90.2,0.31,16.5,2028-08-17,2024-05-23,Систем1P30,Отсутствует,АФК Система,"Промышленность, Телекоммуникации",Отличная,4,2026-08-20,КС,2026-06-28,floater
RU000A1098F3,AA-,RUB,11500.0,89.7,0.16,16.55,2028-11-08,2024-08-14,Систем1P31,Отсутствует,АФК Система,"Промышленность, Телекоммуникации",Отличная,4,2026-08-12,КС,2026-06-28,floater
RU000A10CU55,AA-,RUB,3000.0,99.87,-0.13,17.8,2027-09-16,2025-09-26,Систем2P05,Отсутствует,АФК Система,"Промышленность, Телекоммуникации",Отличная,12,2026-07-23,КС,2026-06-28,floater
RU000A108ZH9,AA,RUB,10000.0,99.62,-0.07,15.67,2034-05-15,2024-07-16,Славнеф2Р5,Пут,Славнефть,Нефть и Газ,Отличная,12,2026-07-26,КС,2026-06-28,floater
RU000A108LN7,BBB-,RUB,200.0,94.97,0.03,18.5,2027-05-22,2024-06-06,СмартФ1Р03,Отсутствует,Смартфакт,Факторинг,Отличная,12,2026-07-26,КС,2026-06-28,floater
RU000A10FEY9,BBB-,RUB,65.0,98.39,-0.07,19.5,2029-06-01,2026-06-17,СмартФ1Р04,Отсутствует,Смартфакт,Факторинг,Средняя,12,2026-07-17,КС,2026-06-28,floater
RU000A1099V8,AA-,RUB,3748.0,99.58,-0.03,16.37,2027-08-08,2024-08-23,СовкмЛ П07,Отсутствует,Совкомбанк Лизинг,Лизинг,Отличная,12,2026-07-14,КС,2026-06-28,floater
RU000A10AHM8,AA-,RUB,5000.0,98.76,-1.15,16.42,2029-01-23,2024-12-27,СовкмЛ П08,Пут,Совкомбанк Лизинг,Лизинг,Плохая,12,2026-07-08,КС,2026-06-28,floater
RU000A10B3W0,AA-,RUB,5426.0,100.0,0.02,16.27,2028-04-07,2025-03-18,СовкмЛ П09,Пут,Совкомбанк Лизинг,Лизинг,Отличная,12,2026-07-27,КС,2026-06-28,floater
RU000A10DTT2,AA-,RUB,2000.0,101.59,0.82,17.28,2027-12-07,2025-12-17,СовкмЛ П18,Отсутствует,Совкомбанк Лизинг,Лизинг,Погранично хорошая,12,2026-07-15,КС,2026-06-28,floater
RU000A10AHN6,AA-,RUB,20000.0,100.3,0.21,16.42,2028-01-17,2024-12-27,СовкмФ2Р1,Пут,Совкомбанк Факторинг,Факторинг,Плохая,12,2026-07-08,КС,2026-06-28,floater
RU000A109VL8,AA,RUB,20507.0,100.18,-0.22,16.34,2027-10-10,2024-10-25,СовкомБОП5,Отсутствует,Совкомбанк,Банки,Отличная,12,2026-07-17,КС,2026-06-28,floater
RU000A106W49,,RUB,700.0,88.99,-1.51,19.5,2027-03-12,2023-09-15,СолЛиз БО1,Отсутствует,Солид-лизинг,Лизинг,Плохая,2,2026-09-11,КС,2026-06-28,floater
RU000A107W71,,RUB,275.0,85.25,2.53,18.5,2027-08-27,2024-03-01,СолЛиз БО2,Отсутствует,Солид-лизинг,Лизинг,Средняя,4,2026-08-28,КС,2026-06-28,floater
RU000A108A19,BB,RUB,64.0,90.79,1.13,17.5,2027-04-02,2024-04-17,СолтонБО01,Отсутствует,Солтон,Розница,Плохая,12,2026-07-06,КС,2026-06-28,floater
RU000A10BPX6,BB,RUB,116.0,96.5,-1.06,21.29,2027-05-20,2025-05-30,Спектр01,Отсутствует,ЛК Спектр,Лизинг,Погранично плохая,12,2026-07-24,КС,2026-06-28,floater
RU000A10BZQ9,A/A-,RUB,7000.0,100.05,-0.24,17.97,2028-06-21,2025-07-07,СэтлГрБ2P5,Отсутствует,Сэтл Групп,Недвижимость,Хорошая,12,2026-07-02,КС,2026-06-28,floater
RU000A10C5J1,BBB-,RUB,3000.0,92.38,0.29,19.33,2028-07-06,2025-07-22,ТАЛАНФБ1P4,Отсутствует,Талан,Недвижимость,Средняя,12,2026-07-17,КС,2026-06-28,floater
RU000A109DP7,BBB,RUB,174.0,96.98,-4.21,16.75,2027-08-18,2024-09-02,ТАЛК001P03,Отсутствует,ТАЛК Лизинг,Лизинг,Плохая,12,2026-07-24,КС,2026-06-28,floater
RU000A10B5C7,BBB,RUB,230.0,96.5,-5.45,18.0,2028-03-09,2025-03-25,ТАЛК002P01,Отсутствует,ТАЛК Лизинг,Лизинг,Плохая,12,2026-07-18,КС,2026-06-28,floater
RU000A10BWN3,BBB,RUB,200.0,92.92,-1.11,19.25,2030-06-04,2025-06-30,ТАЛК002P02,Колл,ТАЛК Лизинг,Лизинг,Хорошая,12,2026-07-25,КС,2026-06-28,floater
RU000A10AEE2,BBB,RUB,150.0,100.0,-0.89,20.88,2027-06-07,2024-12-19,ТГК-14 1Р4,Отсутствует,ТГК-14,Инфраструктура,Средняя,12,2026-07-12,КС,2026-06-28,floater
RU000A10ARZ9,BBB,RUB,350.0,100.39,0.91,20.29,2029-01-09,2025-01-30,ТГК-14 1Р6,Отсутствует,ТГК-14,Инфраструктура,Средняя,12,2026-07-24,КС,2026-06-28,floater
RU000A10FHQ8,AA-,RUB,20000.0,102.76,-0.19,15.78,2029-06-09,2026-06-25,ТПлюс2Р-02,Отсутствует,Т Плюс,Инфраструктура,Плохая,12,2026-07-25,КС,2026-06-28,floater
RU000A109KT4,A+,RUB,10000.0,100.07,0.0,17.13,2026-09-10,2024-09-20,ТФинанс1P1,Отсутствует,МФК Т-Финанс,МФО,Отличная,12,2026-07-12,КС,2026-06-28,floater
RU000A10AFT7,A-,RUB,1200.0,101.4,-1.17,20.33,2026-12-14,2024-12-24,ТелХолБ2-7,Отсутствует,ЭР-Телеком Холдинг,Телекоммуникации,Плохая,12,2026-07-17,КС,2026-06-28,floater
RU000A10F8U9,A-,RUB,10000.0,100.8,1.3,16.97,2028-12-13,2026-05-28,ТелХолБ2-8,Отсутствует,ЭР-Телеком Холдинг,Телекоммуникации,Плохая,12,2026-07-27,КС,2026-06-28,floater
RU000A10DZL6,BBB+/BBB,RUB,100.0,100.41,-1.56,16.8,2032-11-15,2025-12-26,ТомОб35077,Отсутствует,Томская область,Субфедеральный долг,Плохая,4,2026-09-18,КС,2026-06-28,floater
RU000A109E71,AA-,RUB,27000.0,97.8,-0.19,16.02,2027-08-20,2024-09-04,ТрансКо2P1,Отсутствует,Трансконтейнер,Транспорт,Отличная,12,2026-07-26,КС,2026-06-28,floater
RU000A10DG86,AA-,RUB,9500.0,97.95,-0.04,16.85,2028-11-02,2025-11-18,ТрансКо2P2,Отсутствует,Трансконтейнер,Транспорт,Отличная,12,2026-07-16,КС,2026-06-28,floater
RU000A0JXK99,A+/A,RUB,690.0,100.85,-2.94,19.0,2027-02-22,2017-03-06,ТрансФ1P02,Отсутствует,Трансфинанс-М,Лизинг,Плохая,2,2026-08-24,КС,2026-06-28,floater
RU000A103M36,A+/A,RUB,6300.0,97.63,0.35,18.0,2031-08-18,2021-08-30,ТрансФ1P07,Пут,Трансфинанс-М,Лизинг,Средняя,4,2026-08-24,КС,2026-06-28,floater
RU000A106J38,A+/A,RUB,3000.0,99.2,-0.6,18.5,2028-07-05,2023-07-12,ТрансФ1P09,Пут,Трансфинанс-М,Лизинг,Погранично плохая,2,2026-07-08,КС,2026-06-28,floater
RU000A10FBG2,AA-,RUB,20000.0,100.01,0.01,16.15,2029-05-19,2026-06-04,ТрансмхПБ8,Отсутствует,Трансмашхолдинг,Промышленность,Отличная,12,2026-07-04,КС,2026-06-28,floater
RU000A10AYM3,A,RUB,1000.0,102.3,0.1,16.3,2028-06-26,2025-02-24,УрКаПБО7P,Отсутствует,Уралкалий,Удобрения,Плохая,12,2026-07-19,КС,2026-06-28,floater
RU000A0ZZTL5,AA+,RUB,10000.0,98.96,1.4,15.24,2028-11-02,2018-11-15,ФПК 1P-05,Отсутствует,Федеральная Пассажирская Компания (ФПК),Транспорт,Плохая,2,2026-11-05,КБД,2026-06-28,floater
RU000A106ZQ4,,RUB,102.0,97.01,-0.77,21.5,2028-09-08,2023-10-05,ФеррумБП1,Пут,Феррум,Промышленность,Средняя,12,2026-07-21,КС,2026-06-28,floater
RU000A109K40,AAA,RUB,35000.0,100.14,0.0,15.5,2026-09-08,2024-09-18,ФосАгро П2,Отсутствует,Фосагро,Удобрения,Отличная,12,2026-07-10,КС,2026-06-28,floater
RU000A10A4S7,AAA,RUB,30372.0,100.97,-0.09,16.36,2029-10-27,2024-11-22,ФосАгро2П1,Пут,Фосагро,Удобрения,Хорошая,12,2026-07-15,КС,2026-06-28,floater
RU000A1094W7,BB,RUB,250.0,86.4,-0.04,19.25,2029-07-06,2024-08-01,ХРОМОС Б2,Колл,Хромос Инжинириинг,Промышленность,Средняя,12,2026-07-22,КС,2026-06-28,floater
RU000A1094F2,AA,RUB,7000.0,100.19,0.16,15.67,2027-07-15,2024-07-30,ЧеркизБ1P7,Отсутствует,Группа Черкизово,Сельское хозяйство,Отличная,12,2026-07-20,КС,2026-06-28,floater
RU000A10B420,AA,RUB,10000.0,100.33,0.05,16.59,2026-09-10,2025-03-19,ЧеркизБ1P8,Отсутствует,Группа Черкизово,Сельское хозяйство,Отличная,12,2026-07-12,КС,2026-06-28,floater
RU000A10C5F9,AA,RUB,10000.0,100.74,0.04,16.35,2027-07-12,2025-07-22,ЧеркизБ2P2,Колл,Группа Черкизово,Сельское хозяйство,Отличная,12,2026-07-17,КС,2026-06-28,floater
RU000A10ADJ3,BBB+,RUB,700.0,100.28,-0.31,19.89,2026-12-08,2024-12-18,ЭТС 1Р06,Отсутствует,Энерготехсервис,Инфраструктура,Средняя,12,2026-07-11,КС,2026-06-28,floater
RU000A10BVT2,BBB+,RUB,1000.0,99.91,-0.01,18.81,2028-12-07,2025-06-26,ЭТС 1Р08,Пут,Энерготехсервис,Инфраструктура,Средняя,12,2026-07-21,КС,2026-06-28,floater
RU000A10ETM5,BBB+,RUB,1007.0,100.0,2.0,16.88,2030-03-24,2026-04-14,ЭТС 1Р10,Пут,Энерготехсервис,Инфраструктура,Очень плохая,12,2026-07-13,КС,2026-06-28,floater
RU000A10EKY9,A+/A,RUB,6000.0,101.09,-0.29,17.86,2028-03-06,2026-03-17,ЭкоНив1Р02,Отсутствует,ЭкоНива,Сельское хозяйство,Отличная,12,2026-07-15,КС,2026-06-28,floater
RU000A109QN4,AA-/A+,RUB,5000.0,100.38,0.09,17.02,2029-09-08,2024-10-04,Экспо1П02,Пут,Экспобанк,Банки,Хорошая,12,2026-07-26,КС,2026-06-28,floater
RU000A109SP5,A-/BBB+,RUB,8000.0,89.64,-0.1,17.41,2027-09-30,2024-10-15,ЭталонФин2,Отсутствует,Группа Эталон,Недвижимость,Отличная,12,2026-07-07,КС,2026-06-28,floater
RU000A10CN62,BBB-,RUB,500.0,99.3,-0.7,20.47,2028-08-20,2025-09-05,ЮСВ 1Р1,Пут,ПКО ЮСВ,МФО,Хорошая,12,2026-07-02,КС,2026-06-28,floater
RU000A10DMS9,AAA/AA+,RUB,36000.0,99.98,-0.02,16.0,2028-12-01,2025-12-02,ЯНАО34005,Отсутствует,Ямало-Ненецкий АО,Субфедеральный долг,Отличная,12,2026-07-15,КС,2026-06-28,floater
RU000A10BF48,AAA,RUB,40000.0,100.8,0.19,16.05,2027-04-11,2025-04-21,ЯНДЕКС1Р1,Отсутствует,Яндекс,IT,Отличная,12,2026-07-15,КС,2026-06-28,floater
RU000A10DDR0,AAA,RUB,40000.0,100.49,0.25,15.78,2028-11-02,2025-11-18,ЯНДЕКС1Р3,Отсутствует,Яндекс,IT,Отличная,12,2026-07-16,КС,2026-06-28,floater
RU000A10FEA9,AAA,RUB,40000.0,100.05,0.05,15.56,2029-06-03,2026-06-19,ЯНДЕКС1Р4,Отсутствует,Яндекс,IT,Отличная,12,2026-07-19,КС,2026-06-28,floater
RU000A109NF7,A/A-,RUB,1500.0,99.96,-0.02,16.78,2027-09-17,2024-09-30,ЯТЭК 1P-4,Отсутствует,ЯТЭК,Нефть и Газ,Отличная,12,2026-07-24,КС,2026-06-28,floater
RU000A10BBD8,A/A-,RUB,5500.0,101.27,0.28,18.69,2027-04-01,2025-04-11,ЯТЭК 1P-6,Отсутствует,ЯТЭК,Нефть и Газ,Отличная,12,2026-07-05,КС,2026-06-28,floater
RU000A10BP38,AA-/A+,RUB,7700.0,100.97,-0.25,16.5,2028-05-11,2025-05-27,Якут-34005,Отсутствует,Саха (Якутия),Субфедеральный долг,Средняя,12,2026-07-21,КС,2026-06-28,floater
RU000A109L72,AA-/A+,RUB,5440.0,99.25,-0.1,15.8,2029-10-28,2024-09-24,Якут-35016,Отсутствует,Саха (Якутия),Субфедеральный долг,Отличная,12,2026-07-07,КС,2026-06-28,floater
